cast_id,movie_id,role_id,person_id
1,41206,2,29522
2,41206,2,93902
3,41206,2,8254
4,41206,2,7632
5,41206,2,14518
6,41206,2,125807
7,41206,2,13297
8,41206,2,3341
9,41206,1,14674
10,50600,2,88867
11,50600,2,11493
12,50600,2,17753
13,50600,2,30537
14,50600,2,11492
15,50600,2,13823
16,50600,1,84034
17,874,2,13324
18,874,2,13325
19,874,2,7192
20,874,2,8606
21,874,2,40
22,874,2,13326
23,874,2,13327
24,874,2,5049
25,874,1,4065
26,25430,2,85895
27,25430,2,14502
28,25430,2,30296
29,25430,2,39608
30,25430,2,18737
31,25430,2,82676
32,25430,2,83801
33,25430,2,40233
34,25430,1,14875
35,279,2,1164
36,279,2,3999
37,279,2,4000
38,279,2,4002
39,279,2,4001
40,279,2,4003
41,279,2,4004
42,279,2,4005
43,279,1,3974
44,14,2,1979
45,14,2,516
46,14,2,2155
47,14,2,8210
48,14,2,8211
49,14,2,2955
50,14,2,2154
51,14,2,8212
52,14,1,39
53,2898,2,514
54,2898,2,9994
55,2898,2,17141
56,2898,2,9777
57,2898,2,22108
58,2898,2,28778
59,2898,2,5586
60,2898,2,28779
61,2898,1,3388
62,665,2,10017
63,665,2,10018
64,665,2,10019
65,665,2,10020
66,665,2,10021
67,665,2,10022
68,665,2,10023
69,665,2,10025
70,665,1,10001
71,42390,2,1937
72,42390,2,12147
73,42390,2,40180
74,42390,2,199468
75,42390,2,85490
76,42390,2,95771
77,42390,2,14874
78,42390,2,97007
79,42390,1,82800
80,398,2,1233
81,398,2,5348
82,398,2,5349
83,398,2,5350
84,398,2,5351
85,398,2,5352
86,398,2,5353
87,398,2,2229
88,398,1,5345
89,16515,2,80567
90,16515,2,12147
91,16515,2,17753
92,16515,2,19550
93,16515,2,8517
94,16515,2,1937
95,16515,2,8516
96,16515,2,80569
97,16515,1,9049
98,11694,2,6352
99,11694,2,18391
100,11694,2,70261
101,11694,2,12827
102,11694,2,30928
103,11694,2,70260
104,11694,2,3142
105,11694,2,3364
106,11694,1,70262
107,29146,2,19153
108,29146,2,29545
109,29146,2,31114
110,29146,2,96055
111,29146,2,8493
112,29146,2,14671
113,29146,2,1234847
114,29146,2,1212034
115,29146,1,16888
116,31657,2,6352
117,31657,2,10127
118,31657,2,6905
119,31657,2,27566
120,31657,2,62036
121,31657,1,4964
122,25196,2,1229
123,25196,2,1579
124,25196,2,72466
125,25196,2,3087
126,25196,2,58535
127,25196,2,19453
128,25196,2,939166
129,25196,2,982297
130,25196,1,65167
131,43386,2,12515
132,43386,2,88975
133,43386,2,46099
134,43386,2,31977
135,43386,2,106005
136,43386,2,34497
137,43386,2,98966
138,43386,2,78849
139,43386,1,123401
140,152532,2,10297
141,152532,2,9278
142,152532,2,7499
143,152532,2,81681
144,152532,2,18324
145,152532,2,21710
146,152532,2,424
147,152532,2,2171
148,152532,1,69371
149,84274,2,124309
150,84274,2,7639
151,84274,2,921146
152,84274,2,96758
153,84274,2,32139
154,84274,2,132536
155,84274,2,21878
156,84274,2,725810
157,84274,1,97774
158,3019,2,13576
159,3019,2,2433
160,3019,2,29599
161,3019,2,29600
162,3019,2,29601
163,3019,2,29602
164,3019,2,29603
165,3019,1,29595
166,22013,2,13784
167,22013,2,14500
168,22013,2,11128
169,22013,2,29313
170,22013,2,60158
171,22013,2,113653
172,22013,2,29719
173,22013,2,53010
174,22013,1,3632
175,13,2,31
176,13,2,32
177,13,2,33
178,13,2,34
179,13,2,35
180,13,2,37821
181,13,2,204997
182,13,2,9640
183,13,1,24
184,783,2,2282
185,783,2,11850
186,783,2,9126
187,783,2,11857
188,783,2,12726
189,783,2,11849
190,783,2,11859
191,783,2,8349
192,783,1,4786
193,98,2,934
194,98,2,73421
195,98,2,935
196,98,2,936
197,98,2,194
198,98,2,937
199,98,2,938
200,98,2,939
201,98,1,578
202,17661,2,24937
203,17661,2,13820
204,17661,2,74875
205,17661,2,120265
206,17661,2,30234
207,17661,2,14977
208,17661,2,14975
209,17661,2,14979
210,17661,1,30008
211,42852,2,3609
212,42852,2,93805
213,42852,2,81933
214,42852,2,11859
215,42852,2,4112
216,42852,2,40947
217,42852,2,106633
218,42852,2,37861
219,42852,1,10790
220,23383,2,3359
221,23383,2,14500
222,23383,2,3673
223,23383,2,56875
224,23383,2,14371
225,23383,2,93163
226,23383,2,12000
227,23383,2,11840
228,23383,1,3359
229,42448,2,40176
230,42448,2,38253
231,42448,2,9560
232,42448,2,30226
233,42448,2,6840
234,42448,2,66670
235,42448,2,83313
236,42448,2,31117
237,42448,1,47773
238,288,2,4068
239,288,2,4070
240,288,2,3383
241,288,2,2177
242,288,2,4069
243,288,2,4071
244,288,2,4072
245,288,2,4073
246,288,1,4065
247,83989,2,29999
248,83989,2,99749
249,83989,2,103014
250,83989,2,95725
251,83989,2,1170218
252,83989,2,1170219
253,83989,1,129422
254,10633,2,16897
255,10633,2,522
256,10633,2,8255
257,10633,2,30123
258,10633,2,3640
259,10633,2,105049
260,10633,2,15992
261,10633,2,32774
262,10633,1,13563
263,3078,2,11492
264,3078,2,30155
265,3078,2,30156
266,3078,2,30157
267,3078,2,30158
268,3078,2,8729
269,3078,2,29263
270,3078,2,30159
271,3078,1,2662
272,821,2,12147
273,821,2,13784
274,821,2,12149
275,821,2,2896
276,821,2,12150
277,821,2,9066
278,821,2,12151
279,821,2,2651
280,821,1,4081
281,11703,2,227
282,11703,2,27888
283,11703,2,27396
284,11703,2,57379
285,11703,1,40542
286,12102,2,4483
287,12102,2,5064
288,12102,2,13724
289,12102,2,71241
290,12102,2,44846
291,12102,2,14102
292,12102,2,10080
293,12102,2,260967
294,12102,1,6729
295,451,2,2963
296,451,2,1951
297,451,2,6104
298,451,2,6105
299,451,2,6106
300,451,2,6107
301,451,2,6108
302,451,2,6109
303,451,1,6111
304,637,2,9235
305,637,2,4818
306,637,2,9236
307,637,2,9237
308,637,2,9238
309,637,2,9239
310,637,2,9240
311,637,2,5789
312,637,1,4818
313,38805,2,16897
314,38805,2,31114
315,38805,2,133576
316,38805,2,133575
317,38805,2,1947
318,38805,2,1749993
319,38805,2,1749995
320,38805,2,40463
321,38805,1,16888
322,72976,2,11856
323,72976,2,35
324,72976,2,11064
325,72976,2,24045
326,72976,2,13548
327,72976,2,11066
328,72976,2,2176
329,72976,2,72095
330,72976,1,488
331,334541,2,1893
332,334541,2,1812
333,334541,2,3497
334,334541,2,1105079
335,334541,2,1363367
336,334541,2,15370
337,334541,2,15455
338,334541,2,929905
339,334541,1,30711
340,15919,2,7502
341,15919,2,78934
342,15919,2,78935
343,15919,2,78936
344,15919,2,78937
345,15919,2,15644
346,15919,2,41720
347,15919,2,84935
348,15919,1,67451
349,10139,2,2228
350,10139,2,46593
351,10139,2,17051
352,10139,2,16851
353,10139,2,8688
354,10139,2,17486
355,10139,2,8536
356,10139,2,81681
357,10139,1,5216
358,11113,2,1932
359,11113,2,35321
360,11113,2,12727
361,11113,2,15387
362,11113,2,3366
363,11113,2,140914
364,11113,2,6609
365,11113,2,89895
366,11113,1,14674
367,10161,2,11856
368,10161,2,18345
369,10161,2,64039
370,10161,2,64041
371,10161,2,63367
372,10161,2,64042
373,10161,2,41285
374,10161,2,4973
375,10161,1,53334
376,322,2,2228
377,322,2,504
378,322,2,4724
379,322,2,4726
380,322,2,4728
381,322,2,4729
382,322,2,4730
383,322,2,4012
384,322,1,190
385,10774,2,6450
386,10774,2,8252
387,10774,2,29903
388,10774,2,3087
389,10774,2,66712
390,10774,2,13726
391,10774,2,10083
392,10774,2,51549
393,10774,1,39996
394,11816,2,6598
395,11816,2,4958
396,11816,2,6352
397,11816,2,70569
398,11816,2,12850
399,11816,1,21958
400,654,2,3084
401,654,2,9857
402,654,2,5248
403,654,2,522
404,654,2,9862
405,654,2,9865
406,654,2,9866
407,654,2,589670
408,654,1,2746
409,510,2,514
410,510,2,7071
411,510,2,518
412,510,2,7072
413,510,2,7077
414,510,2,1370
415,510,2,1062
416,510,2,68301
417,510,1,3974
418,11202,2,862
419,11202,2,9857
420,11202,2,40551
421,11202,2,15650
422,11202,2,12431
423,11202,2,1089965
424,11202,2,13733
425,11202,2,58495
426,11202,1,13265
427,9800,2,31
428,9800,2,5292
429,9800,2,4765
430,9800,2,2453
431,9800,2,3131
432,9800,2,32592
433,9800,2,25626
434,9800,2,16119
435,9800,1,16294
436,1578,2,380
437,1578,2,4517
438,1578,2,14702
439,1578,2,7164
440,1578,2,17651
441,1578,2,17652
442,1578,2,17653
443,1578,2,1241
444,1578,1,1032
445,380,2,4483
446,380,2,500
447,380,2,3124
448,380,2,2211
449,380,2,5145
450,380,2,5146
451,380,2,5147
452,380,2,5148
453,380,1,8246
454,1677,2,134
455,1677,2,11703
456,1677,2,9788
457,1677,2,9464
458,1677,2,58924
459,1677,2,71913
460,1677,2,1192675
461,1677,2,1192676
462,1677,1,18596
463,38718,2,515
464,38718,2,16940
465,38718,2,21399
466,38718,2,18750
467,38718,2,93051
468,38718,2,26473
469,38718,2,77023
470,38718,2,11870
471,38718,1,23393
472,38714,2,3151
473,38714,2,64929
474,38714,2,161357
475,38714,2,10195
476,38714,2,129994
477,38714,2,16524
478,38714,2,6841
479,38714,2,113935
480,38714,1,16513
481,9475,2,1158
482,9475,2,5577
483,9475,2,8986
484,9475,2,5503
485,9475,2,1233
486,9475,2,11367
487,9475,2,88748
488,9475,2,35515
489,9475,1,769
490,43136,2,20141
491,43136,2,33741
492,43136,2,14261
493,43136,2,13325
494,43136,2,13784
495,43136,2,3366
496,43136,2,46098
497,43136,2,85345
498,43136,1,67451
499,16442,2,4068
500,16442,2,4302
501,16442,2,30269
502,16442,2,78791
503,16442,2,30272
504,16442,2,2496
505,16442,2,4303
506,16442,2,30297
507,16442,1,11435
508,7863,2,118
509,7863,2,1284
510,7863,2,12647
511,7863,2,1192652
512,7863,2,1192653
513,7863,2,3070
514,7863,2,79703
515,7863,2,29791
516,7863,1,33433
517,632,2,8252
518,632,2,9108
519,632,2,834
520,632,2,7347
521,632,2,9109
522,632,2,9110
523,632,2,9111
524,632,2,9112
525,632,1,3146
526,42121,2,3087
527,42121,2,41249
528,42121,2,52462
529,42121,2,11065
530,42121,2,6913
531,42121,2,1323933
532,42121,2,15799
533,42121,2,7675
534,42121,1,5696
535,488,2,4110
536,488,2,6598
537,488,2,6599
538,488,2,6600
539,488,2,6609
540,488,2,6610
541,488,2,6611
542,488,2,6612
543,488,1,6593
544,74643,2,56024
545,74643,2,82923
546,74643,2,1230
547,74643,2,2505
548,74643,2,14698
549,74643,2,56890
550,74643,2,1294
551,74643,2,5151
552,74643,1,67717
553,887,2,13576
554,887,2,13577
555,887,2,13578
556,887,2,7663
557,887,2,13579
558,887,2,10023
559,887,2,11439
560,887,2,13580
561,887,1,10001
562,826,2,8252
563,826,2,12248
564,826,2,10018
565,826,2,12249
566,826,2,12250
567,826,2,12251
568,826,2,10029
569,826,2,12252
570,826,1,12238
571,42816,2,29260
572,42816,2,55278
573,42816,2,14871
574,42816,2,1509
575,42816,2,32437
576,42816,2,233118
577,42816,2,95627
578,42816,2,1055297
579,42816,1,29962
580,28978,2,13848
581,28978,2,13855
582,28978,2,147962
583,28978,2,147963
584,28978,2,120701
585,28978,2,14438
586,28978,2,30194
587,28978,2,21310
588,28978,1,13848
589,11873,2,3636
590,11873,2,500
591,11873,2,1161
592,11873,2,4160
593,11873,2,1241
594,11873,2,8854
595,11873,2,947670
596,11873,2,1265392
597,11873,1,1032
598,1051,2,193
599,1051,2,14821
600,1051,2,6355
601,1051,2,15183
602,1051,2,15184
603,1051,2,15185
604,1051,2,15186
605,1051,2,15187
606,1051,1,15175
607,238,2,3084
608,238,2,1158
609,238,2,3085
610,238,2,3086
611,238,2,3087
612,238,2,3088
613,238,2,3142
614,238,2,3090
615,238,1,1776
616,14741,2,3037
617,14741,2,19131
618,14741,2,77224
619,14741,2,41243
620,14741,2,77225
621,14741,2,77226
622,14741,2,77227
623,14741,2,77228
624,14741,1,18378
625,43896,2,30495
626,43896,2,93897
627,43896,2,33004
628,43896,2,136151
629,43896,2,35849
630,43896,2,2929
631,43896,2,2099
632,43896,2,3341
633,43896,1,8500
634,16520,2,20141
635,16520,2,14528
636,16520,2,13299
637,16520,2,9912
638,16520,2,80573
639,16520,2,80574
640,16520,2,50968
641,16520,2,80575
642,16520,1,80570
643,45269,2,5472
644,45269,2,118
645,45269,2,1283
646,45269,2,529
647,45269,2,9191
648,45269,2,5658
649,45269,2,49971
650,45269,2,937
651,45269,1,70500
652,52679,2,2895
653,52679,2,86827
654,52679,2,32428
655,52679,2,1062654
656,52679,2,227892
657,52679,2,120755
658,52679,2,13821
659,52679,1,2891
660,1523,2,2178
661,1523,2,5530
662,1523,2,16358
663,1523,2,12214
664,1523,2,11703
665,1523,2,35013
666,1523,2,35014
667,1523,2,35015
668,1523,1,17350
669,28580,2,7124
670,28580,2,20391
671,28580,2,101490
672,28580,2,79247
673,28580,2,79248
674,28580,2,17759
675,28580,2,34469
676,28580,2,98495
677,28580,1,3146
678,981,2,2638
679,981,2,6598
680,981,2,854
681,981,2,14683
682,981,2,14685
683,981,2,10924
684,981,2,14686
685,981,2,14688
686,981,1,14674
687,423,2,3490
688,423,2,3491
689,423,2,6637
690,423,2,6638
691,423,2,6639
692,423,2,6640
693,423,2,6641
694,423,2,6642
695,423,1,3556
696,43122,2,10921
697,43122,2,3609
698,43122,2,47677
699,43122,2,19329
700,43122,2,134265
701,43122,2,134268
702,43122,2,29127
703,43122,2,117697
704,43122,1,2490
705,281957,2,6193
706,281957,2,2524
707,281957,2,93491
708,281957,2,93210
709,281957,2,220448
710,281957,2,1126405
711,281957,2,7742
712,281957,2,526
713,281957,1,223
714,274,2,1038
715,274,2,4173
716,274,2,349
717,274,2,15854
718,274,2,16293
719,274,2,31649
720,274,2,6930
721,274,2,51864
722,274,1,16294
723,74469,2,13352
724,74469,2,2643
725,74469,2,34442
726,74469,2,118022
727,74469,2,103176
728,74469,2,20368
729,74469,2,14975
730,74469,2,248225
731,74469,1,49214
732,266856,2,37632
733,266856,2,72855
734,266856,2,23458
735,266856,2,1639
736,266856,2,16358
737,266856,2,11207
738,266856,2,76944
739,266856,2,205258
740,266856,1,76998
741,7345,2,11856
742,7345,2,17142
743,7345,2,52564
744,7345,2,8785
745,7345,2,18916
746,7345,2,52565
747,7345,2,52566
748,7345,2,8214
749,7345,1,4762
750,595,2,8487
751,595,2,8490
752,595,2,6838
753,595,2,8492
754,595,2,8493
755,595,2,2112
756,595,2,8494
757,595,2,8496
758,595,1,8482
759,2034,2,5292
760,2034,2,569
761,2034,2,349
762,2034,2,13022
763,2034,2,1166
764,2034,2,7248
765,2034,2,19767
766,2034,2,2041
767,2034,1,20907
768,17529,2,4165
769,17529,2,15655
770,17529,2,78690
771,17529,2,2778
772,17529,2,3087
773,17529,2,86110
774,17529,2,15620
775,17529,2,8260
776,17529,1,37360
777,10673,2,6952
778,10673,2,3392
779,10673,2,8349
780,10673,2,589
781,10673,2,11885
782,10673,2,11066
783,10673,2,586
784,10673,2,28641
785,10673,1,1152
786,68440,2,3380
787,68440,2,2092
788,68440,2,30226
789,68440,2,11028
790,68440,2,83260
791,68440,2,17755
792,68440,2,118022
793,68440,2,10924
794,68440,1,552028
795,3087,2,5788
796,3087,2,30269
797,3087,2,19020
798,3087,2,30270
799,3087,2,30271
800,3087,2,30272
801,3087,2,30273
802,3087,2,30274
803,3087,1,4109
804,82474,2,9088
805,82474,2,1231648
806,82474,2,98040
807,82474,2,76381
808,82474,2,85899
809,82474,2,1104843
810,82474,2,148441
811,82474,2,3163
812,82474,1,14855
813,702,2,10538
814,702,2,3084
815,702,2,10539
816,702,2,9857
817,702,2,3143
818,702,2,2757
819,702,2,10540
820,702,2,10541
821,702,1,2746
822,42458,2,18364
823,42458,2,115573
824,42458,2,7004
825,42458,2,41729
826,42458,2,9913
827,42458,2,60414
828,42458,2,1238006
829,42458,2,2980
830,42458,1,50567
831,16153,2,9560
832,16153,2,10823
833,16153,2,90170
834,16153,2,1037
835,16153,2,6587
836,16153,2,41284
837,16153,2,35090
838,16153,2,1038
839,16153,1,1032
840,38171,2,4111
841,38171,2,14528
842,38171,2,47439
843,38171,2,30719
844,38171,2,20127
845,38171,2,85345
846,38171,2,34594
847,38171,2,9928
848,38171,1,37361
849,703,2,1243
850,703,2,3092
851,703,2,10555
852,703,2,10556
853,703,2,10557
854,703,2,10409
855,703,2,10558
856,703,2,10559
857,703,1,1243
858,44214,2,524
859,44214,2,18973
860,44214,2,1925
861,44214,2,10767
862,44214,2,1920
863,44214,2,970088
864,44214,2,140407
865,44214,2,43443
866,44214,1,6431
867,160588,2,112
868,160588,2,7447
869,160588,2,39658
870,160588,2,21127
871,160588,2,52849
872,160588,2,133
873,160588,2,57906
874,160588,2,72873
875,160588,1,1243
876,57834,2,4431
877,57834,2,2176
878,57834,2,6280
879,57834,2,44831
880,57834,2,21412
881,57834,2,5577
882,57834,1,32765
883,24481,2,85651
884,24481,2,85895
885,24481,2,8252
886,24481,2,5792
887,24481,2,1274075
888,24481,2,91653
889,24481,2,91654
890,24481,2,82749
891,24481,1,14674
892,226,2,448
893,226,2,2838
894,226,2,133
895,226,2,2839
896,226,2,1346644
897,226,2,2841
898,226,2,2842
899,226,2,2843
900,226,1,2836
901,23724,2,3635
902,23724,2,14729
903,23724,2,90516
904,23724,2,58414
905,23724,2,68642
906,23724,2,13785
907,23724,2,5254
908,23724,2,90517
909,23724,1,90522
910,10784,2,66776
911,10784,2,13919
912,10784,2,32059
913,10784,2,6748
914,10784,2,36027
915,10784,2,31071
916,10784,2,1364175
917,10784,2,36841
918,10784,1,66777
919,1890,2,19797
920,1890,2,227
921,1890,2,6541
922,1890,2,25186
923,1890,2,6721
924,1890,2,25187
925,1890,2,25188
926,1890,2,25189
927,1890,1,19798
928,16769,2,5606
929,16769,2,2176
930,16769,2,76136
931,16769,2,821
932,16769,2,590
933,16769,2,97787
934,16769,2,97788
935,16769,2,97789
936,16769,1,10781
937,84214,2,113284
938,84214,2,13784
939,84214,2,33716
940,84214,2,58423
941,84214,2,2644
942,84214,2,82861
943,84214,1,90522
944,85507,2,100047
945,85507,2,100253
946,85507,2,14487
947,85507,2,61101
948,85507,2,96068
949,85507,2,80236
950,85507,2,13823
951,85507,2,89101
952,85507,1,143561
953,52863,2,3380
954,52863,2,72059
955,52863,2,20365
956,52863,2,131234
957,52863,2,96701
958,52863,2,81168
959,52863,2,590550
960,52863,2,19553
961,52863,1,97774
962,24134,2,1666
963,24134,2,14729
964,24134,2,21605
965,24134,2,590099
966,24134,2,575814
967,24134,2,99535
968,24134,1,19304
969,687,2,4038
970,687,2,2228
971,687,2,10360
972,687,2,10361
973,687,2,8655
974,687,2,1989
975,687,2,2207
976,687,2,6914
977,687,1,504
978,403,2,192
979,403,2,5698
980,403,2,707
981,403,2,5699
982,403,2,5700
983,403,2,5701
984,403,2,5702
985,403,2,5703
986,403,1,5696
987,462,2,1204
988,462,2,3926
989,462,2,6383
990,462,2,19838
991,462,2,1956
992,462,2,26719
993,462,2,1909
994,462,2,3801
995,462,1,1884
996,275,2,3905
997,275,2,3910
998,275,2,884
999,275,2,53
1000,275,2,3906
1001,275,2,3907
1002,275,2,3908
1003,275,2,3909
1004,275,1,1223
1005,16085,2,10400
1006,16085,2,5004
1007,16085,2,89841
1008,16085,2,12309
1009,16085,2,12308
1010,16085,2,1047651
1011,16085,2,58530
1012,16085,2,51717
1013,16085,1,10001
1014,13528,2,29519
1015,13528,2,4111
1016,13528,2,7664
1017,13528,2,14299
1018,13528,2,14730
1019,13528,2,74622
1020,13528,2,567221
1021,13528,2,108804
1022,13528,1,14674
1023,770,2,10538
1024,770,2,11492
1025,770,2,8725
1026,770,2,3383
1027,770,2,11493
1028,770,2,7642
1029,770,2,11494
1030,770,2,11495
1031,770,1,9049
1032,1879,2,12147
1033,1879,2,16897
1034,1879,2,6598
1035,1879,2,19729
1036,1879,2,21009
1037,1879,2,21010
1038,1879,2,30228
1039,1879,2,32774
1040,1879,1,4081
1041,8293,2,13333
1042,8293,2,1283
1043,8293,2,7056
1044,8293,2,55643
1045,8293,2,4173
1046,8293,2,54444
1047,8293,2,54445
1048,8293,2,54446
1049,8293,1,54441
1050,24748,2,3636
1051,24748,2,19550
1052,24748,2,1934
1053,24748,2,30511
1054,24748,2,13786
1055,24748,2,13787
1056,24748,2,8331
1057,24748,2,3014
1058,24748,1,18854
1059,28577,2,30124
1060,28577,2,14063
1061,28577,2,101768
1062,28577,2,6609
1063,28577,2,101877
1064,28577,2,2649
1065,28577,2,129995
1066,28577,2,114329
1067,28577,1,1744
1068,1976,2,3380
1069,1976,2,4958
1070,1976,2,20364
1071,1976,2,20365
1072,1976,2,8841
1073,1976,2,20366
1074,1976,2,20367
1075,1976,2,20368
1076,1976,1,10001
1077,62000,2,20391
1078,62000,2,2007
1079,62000,2,30527
1080,62000,2,11025
1081,62000,2,37448
1082,62000,2,20418
1083,62000,2,81188
1084,62000,2,85943
1085,62000,1,19606
1086,77744,2,16761
1087,77744,2,30003
1088,77744,2,82860
1089,77744,2,33022
1090,77744,2,89735
1091,77744,2,100588
1092,77744,2,3366
1093,77744,2,30281
1094,77744,1,10790
1095,466,2,6352
1096,466,2,55636
1097,466,2,6354
1098,466,2,6355
1099,466,2,6360
1100,466,2,6442
1101,466,2,6443
1102,466,2,6447
1103,466,1,6349
1104,313369,2,30614
1105,313369,2,54693
1106,313369,2,113461
1107,313369,2,14892
1108,313369,2,18999
1109,313369,2,168877
1110,313369,2,1486488
1111,313369,2,1427680
1112,313369,1,136495
1113,1407,2,8293
1114,1407,2,4529
1115,1407,2,16923
1116,1407,2,8925
1117,1407,2,16922
1118,1407,2,16927
1119,1407,2,16921
1120,1407,2,82188
1121,1407,1,16919
1122,433,2,5823
1123,433,2,61303
1124,433,2,5825
1125,433,2,5826
1126,433,2,5827
1127,433,2,5828
1128,433,2,5829
1129,433,2,5830
1130,433,1,5834
1131,3309,2,31550
1132,3309,2,2672
1133,3309,2,31551
1134,3309,2,860
1135,3309,2,31844
1136,3309,2,30303
1137,3309,2,5740
1138,3309,2,18586
1139,3309,1,4109
1140,70,2,190
1141,70,2,448
1142,70,2,192
1143,70,2,449
1144,70,2,450
1145,70,2,451
1146,70,2,31713
1147,70,2,53650
1148,70,1,190
1149,85505,2,89610
1150,85505,2,29260
1151,85505,2,30558
1152,85505,2,83235
1153,85505,2,131448
1154,85505,2,138219
1155,85505,2,99350
1156,85505,2,134868
1157,85505,1,29963
1158,1700,2,3085
1159,1700,2,8534
1160,1700,2,5605
1161,1700,2,36926
1162,1700,2,7570
1163,1700,2,36927
1164,1700,2,3026
1165,1700,2,22131
1166,1700,1,3026
1167,504,2,6885
1168,504,2,6886
1169,504,2,6905
1170,504,2,6906
1171,504,2,6907
1172,504,2,6908
1173,504,2,6909
1174,504,2,6910
1175,504,1,6884
1176,1365,2,4587
1177,1365,2,879
1178,1365,2,1810
1179,1365,2,16450
1180,1365,2,16451
1181,1365,2,1039
1182,1365,2,16452
1183,1365,2,16453
1184,1365,1,12995
1185,2039,2,38225
1186,2039,2,2963
1187,2039,2,14830
1188,2039,2,3019
1189,2039,2,1004
1190,2039,2,20972
1191,2039,2,4251
1192,2039,2,20973
1193,2039,1,13563
1194,31777,2,6598
1195,31777,2,51762
1196,31777,2,14563
1197,31777,2,2438
1198,31777,2,222574
1199,31777,2,85426
1200,31777,2,233114
1201,31777,2,1018979
1202,31777,1,116186
1203,27367,2,93805
1204,27367,2,12308
1205,27367,2,7663
1206,27367,2,14299
1207,27367,2,5832
1208,27367,2,7666
1209,27367,2,103340
1210,27367,2,51310
1211,27367,1,10001
1212,40842,2,35
1213,40842,2,2222
1214,40842,2,5372
1215,40842,2,3798
1216,40842,2,30610
1217,40842,2,42003
1218,40842,2,58495
1219,40842,2,160483
1220,40842,1,18854
1221,13681,2,35
1222,13681,2,32225
1223,13681,2,6949
1224,13681,2,2047
1225,13681,2,228
1226,13681,2,12889
1227,13681,2,23882
1228,13681,2,12646
1229,13681,1,6729
1230,804,2,8487
1231,804,2,1932
1232,804,2,11998
1233,804,2,11999
1234,804,2,12000
1235,804,2,12001
1236,804,2,12002
1237,804,2,12003
1238,804,1,10001
1239,264644,2,60073
1240,264644,2,1277188
1241,264644,2,11148
1242,264644,2,144160
1243,264644,2,3905
1244,264644,2,64712
1245,264644,2,1232769
1246,264644,2,86237
1247,264644,1,83281
1248,43103,2,12266
1249,43103,2,14729
1250,43103,2,97571
1251,43103,2,14372
1252,43103,2,38358
1253,43103,2,5827
1254,43103,2,122908
1255,43103,2,47860
1256,43103,1,25630
1257,1934,2,12763
1258,1934,2,12052
1259,1934,2,118
1260,1934,2,207
1261,1934,2,5309
1262,1934,2,11356
1263,1934,2,5472
1264,1934,2,880
1265,1934,1,18844
1266,82693,2,51329
1267,82693,2,72129
1268,82693,2,380
1269,82693,2,67837
1270,82693,2,66
1271,82693,2,6217
1272,82693,2,40543
1273,82693,2,74242
1274,82693,1,17883
1275,15764,2,5064
1276,15764,2,8945
1277,15764,2,12688
1278,15764,2,135170
1279,15764,2,135171
1280,15764,2,1648653
1281,15764,2,33489
1282,15764,2,1388506
1283,15764,1,6349
1284,284293,2,1231
1285,284293,2,7447
1286,284293,2,37917
1287,284293,2,7517
1288,284293,2,83222
1289,284293,2,35236
1290,284293,2,41688
1291,284293,2,79991
1292,284293,1,82335
1293,284293,1,82337
1294,11462,2,2638
1295,11462,2,3360
1296,11462,2,99461
1297,11462,2,3363
1298,11462,2,14299
1299,11462,2,100781
1300,11462,2,93897
1301,11462,2,100782
1302,11462,1,2636
1303,11050,2,4090
1304,11050,2,26513
1305,11050,2,514
1306,11050,2,518
1307,11050,2,8447
1308,11050,2,12074
1309,11050,2,1367884
1310,11050,2,1367885
1311,11050,1,3388
1312,10868,2,11084
1313,10868,2,1038
1314,10868,2,67523
1315,10868,2,67524
1316,10868,2,20631
1317,10868,2,28413
1318,10868,2,42745
1319,10868,2,1170309
1320,10868,1,42171
1321,22881,2,18277
1322,22881,2,112560
1323,22881,2,8534
1324,22881,2,74428
1325,22881,2,66658
1326,22881,2,112561
1327,22881,2,1472
1328,22881,2,21165
1329,22881,1,54040
1330,2438,2,24937
1331,2438,2,4070
1332,2438,2,8252
1333,2438,2,24938
1334,2438,2,14874
1335,2438,2,26027
1336,2438,2,26028
1337,2438,2,26029
1338,2438,1,24939
1339,80708,2,88867
1340,80708,2,34754
1341,80708,2,19406
1342,80708,2,141600
1343,80708,2,279042
1344,80708,2,1021686
1345,80708,2,124855
1346,80708,2,1016036
1347,80708,1,93906
1348,43466,2,85848
1349,43466,2,7664
1350,43466,2,97777
1351,43466,2,30527
1352,43466,2,29599
1353,43466,2,82835
1354,43466,2,11502
1355,43466,2,14978
1356,43466,1,83399
1357,36652,2,13352
1358,36652,2,125482
1359,36652,2,30156
1360,36652,2,125483
1361,36652,2,8517
1362,36652,2,13965
1363,36652,2,124936
1364,36652,2,16103
1365,36652,1,42060
1366,43277,2,32428
1367,43277,2,13577
1368,43277,2,125482
1369,43277,2,9067
1370,43277,2,129432
1371,43277,2,95314
1372,43277,2,5832
1373,43277,2,9068
1374,43277,1,93906
1375,28571,2,8725
1376,28571,2,12151
1377,28571,2,12689
1378,28571,2,2433
1379,28571,2,88570
1380,28571,2,20144
1381,28571,2,14518
1382,28571,2,287365
1383,28571,1,10001
1384,590,2,2227
1385,590,2,1231
1386,590,2,5064
1387,590,2,8435
1388,590,2,8436
1389,590,2,8439
1390,590,2,8440
1391,590,2,8441
1392,590,1,468
1393,71688,2,5064
1394,71688,2,34257
1395,71688,2,205258
1396,71688,2,388
1397,71688,2,438859
1398,71688,2,1023482
1399,71688,2,1023483
1400,71688,2,20508
1401,71688,1,71068
1402,18988,2,11390
1403,18988,2,6598
1404,18988,2,4173
1405,18988,2,15198
1406,18988,2,31431
1407,18988,2,10669
1408,18988,2,102858
1409,18988,2,108637
1410,18988,1,12009
1411,1162,2,10774
1412,1162,2,27446
1413,1162,2,15666
1414,1162,2,15667
1415,1162,2,15668
1416,1162,2,15669
1417,1162,2,101434
1418,1162,2,1187867
1419,1162,1,6448
1420,713,2,18686
1421,713,2,1037
1422,713,2,4783
1423,713,2,10690
1424,713,2,7248
1425,713,2,10756
1426,713,2,10755
1427,713,2,7255
1428,713,1,10757
1429,5179,2,10978
1430,5179,2,41957
1431,5179,2,25635
1432,5179,2,12725
1433,5179,2,41998
1434,5179,2,41999
1435,5179,2,42000
1436,5179,2,42001
1437,5179,1,7501
1438,1165,2,15735
1439,1165,2,3968
1440,1165,2,2505
1441,1165,2,15736
1442,1165,2,15737
1443,1165,2,15738
1444,1165,2,15739
1445,1165,2,11279
1446,1165,1,3224
1447,8055,2,204
1448,8055,2,5469
1449,8055,2,5847
1450,8055,2,49018
1451,8055,2,2310
1452,8055,2,16783
1453,8055,2,17067
1454,8055,2,23182
1455,8055,1,468
1456,65550,2,4421
1457,65550,2,13784
1458,65550,2,151470
1459,65550,2,117617
1460,65550,2,19967
1461,65550,2,2752
1462,65550,2,56445
1463,65550,2,89019
1464,65550,1,90522
1465,85504,2,47439
1466,85504,2,29259
1467,85504,2,27733
1468,85504,2,30236
1469,85504,2,14868
1470,85504,2,32138
1471,85504,2,98971
1472,85504,2,13354
1473,85504,1,253544
1474,43516,2,39554
1475,43516,2,1905
1476,43516,2,30527
1477,43516,2,5248
1478,43516,2,3366
1479,43516,2,7641
1480,43516,2,95315
1481,43516,2,93896
1482,43516,1,37362
1483,28285,2,109410
1484,28285,2,14831
1485,28285,2,5248
1486,28285,2,109411
1487,28285,2,151525
1488,28285,2,16762
1489,28285,2,115366
1490,28285,2,3337
1491,28285,1,8501
1492,47908,2,41283
1493,47908,2,11512
1494,47908,2,203731
1495,47908,2,1272
1496,47908,2,28412
1497,47908,2,25711
1498,47908,2,136218
1499,47908,2,124087
1500,47908,1,71732
1501,54568,2,8725
1502,54568,2,93896
1503,54568,2,9926
1504,54568,2,101490
1505,54568,2,34287
1506,54568,2,150946
1507,54568,2,130063
1508,54568,2,95313
1509,54568,1,108914
1510,24167,2,16757
1511,24167,2,3829
1512,24167,2,99531
1513,24167,2,225484
1514,24167,2,45036
1515,24167,2,25780
1516,24167,2,994523
1517,24167,2,994527
1518,24167,1,12329
1519,69,2,73421
1520,69,2,368
1521,69,2,417
1522,69,2,418
1523,69,2,419
1524,69,2,420
1525,69,2,421
1526,69,2,422
1527,69,1,366
1528,396,2,3635
1529,396,2,5341
1530,396,2,18364
1531,396,2,18365
1532,396,2,17672
1533,396,2,18372
1534,396,1,5342
1535,66027,2,27554
1536,66027,2,936
1537,66027,2,115573
1538,66027,2,95692
1539,66027,2,45453
1540,66027,2,14820
1541,66027,2,39036
1542,66027,2,97169
1543,66027,1,32327
1544,177572,2,66580
1545,177572,2,515510
1546,177572,2,82093
1547,177572,2,51990
1548,177572,2,78324
1549,177572,2,87822
1550,177572,2,589162
1551,177572,2,2505
1552,177572,1,227439
1553,177572,1,70238
1554,197,2,2461
1555,197,2,2462
1556,197,2,1957
1557,197,2,2463
1558,197,2,2464
1559,197,2,2039
1560,197,2,2465
1561,197,2,2467
1562,197,1,2461
1563,12,2,13
1564,12,2,14
1565,12,2,12
1566,12,2,5293
1567,12,2,18
1568,12,2,19
1569,12,2,6168
1570,12,2,17401
1571,12,1,7
1572,109445,2,40462
1573,109445,2,19394
1574,109445,2,221611
1575,109445,2,54415
1576,109445,2,1188241
1577,109445,2,21088
1578,109445,2,8785
1579,109445,2,70238
1580,109445,1,15774
1581,109445,1,1120694
1582,9836,2,109
1583,9836,2,2157
1584,9836,2,328
1585,9836,2,6968
1586,9836,2,2227
1587,9836,2,1331
1588,9836,2,57829
1589,9836,2,15274
1590,9836,1,20629
1591,150540,2,56322
1592,150540,2,169200
1593,150540,2,21125
1594,150540,2,19278
1595,150540,2,59258
1596,150540,2,125167
1597,150540,2,1371894
1598,150540,2,2882
1599,150540,1,12890
1600,44896,2,85
1601,44896,2,52848
1602,44896,2,13726
1603,44896,2,2440
1604,44896,2,658
1605,44896,2,17140
1606,44896,2,26054
1607,44896,2,18082
1608,44896,1,1704
1609,2062,2,10872
1610,2062,2,65
1611,2062,2,7962
1612,2062,2,6197
1613,2062,2,21198
1614,2062,2,11390
1615,2062,2,18
1616,2062,2,21197
1617,2062,1,7087
1618,2062,1,7930
1619,808,2,12073
1620,808,2,776
1621,808,2,6941
1622,808,2,12074
1623,808,2,1925
1624,808,2,12075
1625,808,2,12076
1626,808,2,12077
1627,808,1,5524
1628,808,1,12058
1629,408,2,5460
1630,408,2,288940
1631,408,2,540747
1632,408,2,5457
1633,408,2,5462
1634,408,2,5465
1635,408,2,364526
1636,408,2,5464
1637,408,1,5446
1638,129,2,19587
1639,129,2,19588
1640,129,2,19589
1641,129,2,19590
1642,129,2,19591
1643,129,2,19592
1644,129,2,19594
1645,129,2,40450
1646,129,1,608
1647,9806,2,8977
1648,9806,2,18686
1649,9806,2,2231
1650,9806,2,11662
1651,9806,2,7891
1652,9806,2,59357
1653,9806,2,59358
1654,9806,2,59359
1655,9806,1,7087
1656,862,2,31
1657,862,2,12898
1658,862,2,7167
1659,862,2,12899
1660,862,2,12900
1661,862,2,7907
1662,862,2,8873
1663,862,2,1116442
1664,862,1,7879
1665,10193,2,31
1666,10193,2,12898
1667,10193,2,13726
1668,10193,2,3234
1669,10193,2,2232
1670,10193,2,2395
1671,10193,2,5149
1672,10193,2,12900
1673,10193,1,8
1674,14160,2,68812
1675,14160,2,290
1676,14160,2,80676
1677,14160,2,10
1678,14160,2,18792
1679,14160,2,7960
1680,14160,2,7907
1681,14160,2,84490
1682,14160,1,12890
1683,10681,2,670
1684,10681,2,72754
1685,10681,2,60074
1686,10681,2,20753
1687,10681,2,7907
1688,10681,2,10205
1689,10681,2,11074
1690,10681,2,117081
1691,10681,1,7
1692,533,2,7317
1693,533,2,1283
1694,533,2,5469
1695,533,2,7319
1696,533,2,7320
1697,533,2,7321
1698,533,2,127149
1699,533,2,8326
1700,533,1,7313
1701,533,1,7314
1702,856,2,382
1703,856,2,1062
1704,856,2,593
1705,856,2,12826
1706,856,2,3391
1707,856,2,12827
1708,856,2,12828
1709,856,2,12829
1710,856,1,24
1711,269149,2,417
1712,269149,2,23532
1713,269149,2,446511
1714,269149,2,17605
1715,269149,2,6944
1716,269149,2,18999
1717,269149,2,21088
1718,269149,2,213001
1719,269149,1,76595
1720,269149,1,165787
1721,269149,1,1318201
1722,453,2,934
1723,453,2,228
1724,453,2,6161
1725,453,2,290
1726,453,2,6162
1727,453,2,6163
1728,453,2,6164
1729,453,2,6165
1730,453,1,6159
1731,45578,2,82170
1732,45578,2,30289
1733,45578,2,87685
1734,45578,2,2090
1735,45578,2,111578
1736,45578,2,85485
1737,45578,2,90517
1738,45578,2,87519
1739,45578,1,10601
1740,25673,2,12151
1741,25673,2,3635
1742,25673,2,7632
1743,25673,2,7641
1744,25673,2,119081
1745,25673,2,8632
1746,25673,2,7685
1747,25673,2,82836
1748,25673,1,18738
1749,705,2,3380
1750,705,2,10606
1751,705,2,3361
1752,705,2,10607
1753,705,2,10608
1754,705,2,10609
1755,705,2,10610
1756,705,2,10611
1757,705,1,10601
1758,143,2,2007
1759,143,2,2008
1760,143,2,2009
1761,143,2,2010
1762,143,2,2011
1763,143,2,2012
1764,143,2,2013
1765,143,2,2014
1766,143,1,2000
1767,84299,2,131618
1768,84299,2,120534
1769,84299,2,32431
1770,84299,2,1018011
1771,84299,2,30530
1772,84299,2,1271640
1773,84299,2,8496
1774,84299,2,34749
1775,84299,1,14855
1776,194662,2,2232
1777,194662,2,58225
1778,194662,2,819
1779,194662,2,54693
1780,194662,2,3489
1781,194662,2,39388
1782,194662,2,127558
1783,194662,2,28044
1784,194662,1,223
1785,2604,2,500
1786,2604,2,10361
1787,2604,2,26466
1788,2604,2,26469
1789,2604,2,26467
1790,2604,2,13022
1791,2604,2,26468
1792,2604,2,9045
1793,2604,1,1152
1794,142,2,1810
1795,142,2,131
1796,142,2,1811
1797,142,2,1812
1798,142,2,1813
1799,142,2,1814
1800,142,2,1815
1801,142,2,1816
1802,142,1,1614
1803,289,2,4110
1804,289,2,4111
1805,289,2,4112
1806,289,2,4113
1807,289,2,3001
1808,289,2,4114
1809,289,2,2094
1810,289,2,94110
1811,289,1,4109
1812,56164,2,117499
1813,56164,2,13340
1814,56164,2,2929
1815,56164,2,72060
1816,56164,2,2018
1817,56164,2,144361
1818,56164,2,29603
1819,56164,2,97218
1820,56164,1,72061
1821,581,2,1269
1822,581,2,1581
1823,581,2,6804
1824,581,2,7853
1825,581,2,7862
1826,581,2,7863
1827,581,2,7866
1828,581,2,7867
1829,581,1,1269
1830,11426,2,13784
1831,11426,2,12151
1832,11426,2,20141
1833,11426,2,17752
1834,11426,2,4347
1835,11426,2,7502
1836,11426,2,2644
1837,11426,2,3442
1838,11426,1,4065
1839,33667,2,8487
1840,33667,2,24815
1841,33667,2,81970
1842,33667,2,10607
1843,33667,2,7641
1844,33667,2,41255
1845,33667,2,2755
1846,33667,2,2021
1847,33667,1,2746
1848,1712,2,3635
1849,1712,2,18735
1850,1712,2,2749
1851,1712,2,14701
1852,1712,2,18736
1853,1712,2,14001
1854,1712,2,18737
1855,1712,2,2778
1856,1712,1,18738
1857,17281,2,5320
1858,17281,2,112972
1859,17281,2,10508
1860,17281,2,20603
1861,17281,2,44714
1862,17281,2,151651
1863,17281,2,100781
1864,17281,2,24826
1865,17281,1,13980
1866,49047,2,18277
1867,49047,2,1461
1868,49047,2,228
1869,49047,2,1223440
1870,49047,2,58587
1871,49047,2,1223442
1872,49047,2,1027852
1873,49047,1,11218
1874,43266,2,12308
1875,43266,2,70035
1876,43266,2,88460
1877,43266,2,8841
1878,43266,2,7505
1879,43266,2,29127
1880,43266,2,7381
1881,43266,2,13820
1882,43266,1,8500
1883,947,2,11390
1884,947,2,12248
1885,947,2,5401
1886,947,2,10018
1887,947,2,5004
1888,947,2,4113
1889,947,2,14371
1890,947,2,12515
1891,947,1,12238
1892,87827,2,933160
1893,87827,2,76793
1894,87827,2,935504
1895,87827,2,1133846
1896,87827,2,227849
1897,87827,2,55062
1898,87827,2,28847
1899,87827,2,16927
1900,87827,1,1614
1901,3116,2,4483
1902,3116,2,10127
1903,3116,2,19335
1904,3116,2,1943
1905,3116,2,30585
1906,3116,2,2549
1907,3116,2,8493
1908,3116,2,41258
1909,3116,1,19304
1910,24807,2,4068
1911,24807,2,30210
1912,24807,2,13555
1913,24807,2,4969
1914,24807,2,34748
1915,24807,2,89673
1916,24807,2,33278
1917,24807,2,30214
1918,24807,1,2662
1919,6977,2,2176
1920,6977,2,3810
1921,6977,2,16851
1922,6977,2,57755
1923,6977,2,9015
1924,6977,2,39520
1925,6977,2,41249
1926,6977,2,12852
1927,6977,1,1223
1928,6977,1,1224
1929,17917,2,41236
1930,17917,2,129437
1931,17917,2,936
1932,17917,2,125459
1933,17917,2,25638
1934,17917,2,140029
1935,17917,2,10021
1936,17917,2,88894
1937,17917,1,15378
1938,16619,2,55636
1939,16619,2,21277
1940,16619,2,6167
1941,16619,2,16327
1942,16619,2,588
1943,16619,2,4513
1944,16619,2,8900
1945,16619,2,9632
1946,16619,1,4135
1947,606,2,5064
1948,606,2,4135
1949,606,2,10647
1950,606,2,10648
1951,606,2,10649
1952,606,2,10650
1953,606,2,10651
1954,606,2,3796
1955,606,1,2226
1956,792,2,13022
1957,792,2,6952
1958,792,2,5293
1959,792,2,2178
1960,792,2,11885
1961,792,2,6863
1962,792,2,85
1963,792,2,11886
1964,792,1,1152
1965,18254,2,6449
1966,18254,2,3092
1967,18254,2,52995
1968,18254,2,514
1969,18254,2,64822
1970,18254,2,7004
1971,18254,2,21151
1972,18254,2,13731
1973,18254,1,6449
1974,1366,2,16483
1975,1366,2,3094
1976,1366,2,4521
1977,1366,2,1101
1978,1366,2,16523
1979,1366,2,16524
1980,1366,2,16525
1981,1366,2,16504
1982,1366,1,16513
1983,857,2,31
1984,857,2,3197
1985,857,2,1117
1986,857,2,94864
1987,857,2,12838
1988,857,2,3907
1989,857,2,1892
1990,857,2,12833
1991,857,1,488
1992,424,2,3896
1993,424,2,2282
1994,424,2,5469
1995,424,2,6692
1996,424,2,6693
1997,424,2,6368
1998,424,2,6694
1999,424,2,6695
2000,424,1,488
2001,84295,2,55278
2002,84295,2,596378
2003,84295,2,925500
2004,84295,2,103622
2005,84295,2,103620
2006,84295,2,930690
2007,84295,2,120209
2008,84295,2,34213
2009,84295,1,82800
2010,12405,2,76788
2011,12405,2,76792
2012,12405,2,72118
2013,12405,2,72119
2014,12405,2,76789
2015,12405,2,76790
2016,12405,2,76793
2017,12405,2,76791
2018,12405,1,2034
2019,12405,1,6508
2020,284,2,3151
2021,284,2,4090
2022,284,2,4091
2023,284,2,4093
2024,284,2,4094
2025,284,2,4096
2026,284,2,4097
2027,284,2,4098
2028,284,1,3146
2029,14675,2,77158
2030,14675,2,2638
2031,14675,2,1208
2032,14675,2,77159
2033,14675,2,77160
2034,14675,2,90377
2035,14675,2,34268
2036,14675,2,89725
2037,14675,1,30008
2038,11778,2,380
2039,11778,2,3096
2040,11778,2,47879
2041,11778,2,4690
2042,11778,2,5064
2043,11778,2,10477
2044,11778,2,80135
2045,11778,2,133859
2046,11778,1,12114
2047,1422,2,6193
2048,1422,2,1892
2049,1422,2,514
2050,1422,2,13240
2051,1422,2,8349
2052,1422,2,5538
2053,1422,2,21657
2054,1422,2,18471
2055,1422,1,1032
2056,104214,2,1054643
2057,104214,2,117735
2058,104214,2,33278
2059,104214,2,84230
2060,104214,2,89610
2061,104214,2,92907
2062,104214,2,1107855
2063,104214,2,142595
2064,104214,1,72061
2065,409,2,5469
2066,409,2,1137
2067,409,2,5293
2068,409,2,5470
2069,409,2,5471
2070,409,2,5472
2071,409,2,5473
2072,409,2,5480
2073,409,1,2239
2074,240,2,1158
2075,240,2,3087
2076,240,2,3092
2077,240,2,380
2078,240,2,3096
2079,240,2,3094
2080,240,2,3171
2081,240,2,3172
2082,240,1,1776
2083,37247,2,10774
2084,37247,2,4483
2085,37247,2,9594
2086,37247,2,8608
2087,37247,2,7795
2088,37247,2,30050
2089,37247,2,94402
2090,37247,2,10775
2091,37247,1,5342
2092,596,2,4958
2093,596,2,8515
2094,596,2,8516
2095,596,2,8517
2096,596,2,8518
2097,596,2,8519
2098,596,2,8520
2099,596,2,4119
2100,596,1,8500
2101,12162,2,17604
2102,12162,2,53650
2103,12162,2,49271
2104,12162,2,529
2105,12162,2,5469
2106,12162,2,52
2107,12162,2,19034
2108,12162,2,96438
2109,12162,1,14392
2110,746,2,11389
2111,746,2,11390
2112,746,2,6720
2113,746,2,11392
2114,746,2,11382
2115,746,2,11394
2116,746,2,11395
2117,746,2,11396
2118,746,1,4956
2119,122,2,109
2120,122,2,1327
2121,122,2,110
2122,122,2,882
2123,122,2,114
2124,122,2,655
2125,122,2,1328
2126,122,2,1329
2127,122,1,108
2128,3109,2,4165
2129,3109,2,70035
2130,3109,2,30495
2131,3109,2,13820
2132,3109,2,4303
2133,3109,2,12969
2134,3109,2,30496
2135,3109,2,30497
2136,3109,1,8500
2137,15121,2,5823
2138,15121,2,290
2139,15121,2,7331
2140,15121,2,29283
2141,15121,2,77895
2142,15121,2,1041410
2143,15121,2,88460
2144,15121,2,198948
2145,15121,1,1744
2146,9277,2,3636
2147,9277,2,4135
2148,9277,2,8606
2149,9277,2,1466
2150,9277,2,4093
2151,9277,2,39015
2152,9277,2,14833
2153,9277,2,171056
2154,9277,1,9577
2155,3090,2,4110
2156,3090,2,19020
2157,3090,2,14517
2158,3090,2,30303
2159,3090,2,14451
2160,3090,2,30304
2161,3090,2,30305
2162,3090,2,30306
2163,3090,1,6593
2164,597,2,204
2165,597,2,6193
2166,597,2,3713
2167,597,2,1954
2168,597,2,8534
2169,597,2,8535
2170,597,2,2053
2171,597,2,1369
2172,597,1,2710
2173,5769,2,3926
2174,5769,2,13326
2175,5769,2,10021
2176,5769,2,45465
2177,5769,2,45466
2178,5769,2,45467
2179,5769,2,45468
2180,5769,2,5825
2181,5769,1,32765
2182,1900,2,3392
2183,1900,2,1121
2184,1900,2,16429
2185,1900,2,21708
2186,1900,2,21709
2187,1900,2,21710
2188,1900,2,1922
2189,1900,2,6065
2190,1900,1,1884
2191,102384,2,130491
2192,102384,2,13992
2193,102384,2,2010
2194,102384,2,84230
2195,102384,2,1173024
2196,102384,2,120755
2197,102384,2,2922
2198,102384,2,138219
2199,102384,1,2000
2200,33,2,190
2201,33,2,193
2202,33,2,192
2203,33,2,194
2204,33,2,3710
2205,33,2,3711
2206,33,2,3712
2207,33,2,3713
2208,33,1,190
2209,1725,2,2769
2210,1725,2,6679
2211,1725,2,6725
2212,1725,2,13299
2213,1725,2,24880
2214,1725,2,14063
2215,1725,2,18870
2216,1725,2,18871
2217,1725,1,18868
2218,1725,1,1744
2219,34106,2,30210
2220,34106,2,17753
2221,34106,2,854
2222,34106,2,30211
2223,34106,2,39801
2224,34106,2,15008
2225,34106,2,20369
2226,34106,2,17756
2227,34106,1,2662
2228,76203,2,5294
2229,76203,2,17288
2230,76203,2,1267329
2231,76203,2,71580
2232,76203,2,17142
2233,76203,2,34490
2234,76203,2,467633
2235,76203,2,59233
2236,76203,1,72757
2237,2769,2,13294
2238,2769,2,5320
2239,2769,2,27966
2240,2769,2,27967
2241,2769,2,13026
2242,2769,2,8638
2243,2769,2,96701
2244,2769,2,40623
2245,2769,1,13980
2246,68734,2,880
2247,68734,2,17419
2248,68734,2,1903
2249,68734,2,1230
2250,68734,2,8536
2251,68734,2,15455
2252,68734,2,20387
2253,68734,2,59233
2254,68734,1,880
2255,2897,2,14261
2256,2897,2,29518
2257,2897,2,10027
2258,2897,2,6599
2259,2897,2,29519
2260,2897,2,29520
2261,2897,2,29273
2262,2897,2,2896
2263,2897,1,20412
2264,9443,2,29068
2265,9443,2,11854
2266,9443,2,47536
2267,9443,2,2506
2268,9443,2,53517
2269,9443,2,65
2270,9443,2,32357
2271,9443,2,73933
2272,9443,1,58220
2273,1574,2,1922
2274,1574,2,9137
2275,1574,2,15758
2276,1574,2,1205
2277,1574,2,11870
2278,1574,2,17637
2279,1574,2,17638
2280,1574,2,17287
2281,1574,1,17633
2282,42861,2,88671
2283,42861,2,77158
2284,42861,2,128966
2285,42861,2,129038
2286,42861,2,128159
2287,42861,2,1509
2288,42861,2,3163
2289,42861,2,29762
2290,42861,1,21311
2291,1640,2,18277
2292,1640,2,1896
2293,1640,2,2876
2294,1640,2,454
2295,1640,2,18285
2296,1640,2,18269
2297,1640,2,18286
2298,1640,2,18288
2299,1640,1,455
2300,33680,2,19549
2301,33680,2,29578
2302,33680,2,31550
2303,33680,2,29260
2304,33680,2,17753
2305,33680,2,29259
2306,33680,2,32138
2307,33680,2,30007
2308,33680,1,34740
2309,28966,2,102499
2310,28966,2,102500
2311,28966,2,29760
2312,28966,2,102501
2313,28966,2,4068
2314,28966,2,102502
2315,28966,2,14290
2316,28966,2,30157
2317,28966,1,14643
2318,376867,2,1650301
2319,376867,2,459980
2320,376867,2,2038
2321,376867,2,932967
2322,376867,2,1005852
2323,376867,2,1152019
2324,376867,2,1664716
2325,376867,2,1688889
2326,376867,1,92784
2327,12311,2,10921
2328,12311,2,11492
2329,12311,2,72059
2330,12311,2,72060
2331,12311,2,8521
2332,12311,2,100243
2333,12311,2,8841
2334,12311,2,81934
2335,12311,1,72061
2336,223,2,3359
2337,223,2,3360
2338,223,2,3361
2339,223,2,3362
2340,223,2,3363
2341,223,2,3364
2342,223,2,3366
2343,223,2,3367
2344,223,1,2636
2345,314365,2,103
2346,314365,2,2232
2347,314365,2,53714
2348,314365,2,23626
2349,314365,2,21134
2350,314365,2,2283
2351,314365,2,175829
2352,314365,2,1616703
2353,314365,1,17867
2354,27191,2,97182
2355,27191,2,35320
2356,27191,2,10017
2357,27191,2,83400
2358,27191,2,77081
2359,27191,2,51310
2360,27191,2,97657
2361,27191,2,6937
2362,27191,1,8636
2363,43278,2,13352
2364,43278,2,25173
2365,43278,2,24820
2366,43278,2,100779
2367,43278,2,8841
2368,43278,2,93698
2369,43278,2,16766
2370,43278,2,20368
2371,43278,1,49214
2372,623,2,8930
2373,623,2,8944
2374,623,2,8945
2375,623,2,383
2376,623,2,8946
2377,623,2,8947
2378,623,2,8948
2379,623,2,12658
2380,623,1,8929
2381,42731,2,4765
2382,42731,2,30618
2383,42731,2,1936
2384,42731,2,69300
2385,42731,2,10775
2386,42731,2,103725
2387,42731,1,15671
2388,30177,2,24815
2389,30177,2,13568
2390,30177,2,131618
2391,30177,2,19411
2392,30177,2,30537
2393,30177,2,549612
2394,30177,2,34210
2395,30177,2,67761
2396,30177,1,2746
2397,2757,2,2963
2398,2757,2,5064
2399,2757,2,2955
2400,2757,2,3063
2401,2757,2,2617
2402,2757,2,17402
2403,2757,2,1248
2404,2757,2,1579
2405,2757,1,5953
2406,31662,2,1733
2407,31662,2,5563
2408,31662,2,5606
2409,31662,2,5293
2410,31662,2,146523
2411,31662,2,1578
2412,31662,2,108717
2413,31662,2,7009
2414,31662,1,1035
2415,891,2,4135
2416,891,2,4483
2417,891,2,5251
2418,891,2,1936
2419,891,2,11066
2420,891,2,4765
2421,891,2,13724
2422,891,2,13725
2423,891,1,6349
2424,2623,2,1205
2425,2623,2,26513
2426,2623,2,20959
2427,2623,2,18181
2428,2623,2,1162
2429,2623,2,27539
2430,2623,2,779
2431,2623,2,27540
2432,2623,1,18596
2433,13665,2,56819
2434,13665,2,66776
2435,13665,2,11857
2436,13665,2,30226
2437,13665,2,44712
2438,13665,2,786
2439,13665,2,57357
2440,13665,2,138236
2441,13665,1,122944
2442,55347,2,3061
2443,55347,2,290
2444,55347,2,19119
2445,55347,2,5725
2446,55347,2,21633
2447,55347,2,82653
2448,55347,2,235847
2449,55347,2,235848
2450,55347,1,17439
2451,10322,2,12446
2452,10322,2,4090
2453,10322,2,19550
2454,10322,2,5251
2455,10322,2,15413
2456,10322,2,5403
2457,10322,2,20160
2458,10322,2,15412
2459,10322,1,4964
2460,296098,2,31
2461,296098,2,40900
2462,296098,2,39388
2463,296098,2,21278
2464,296098,2,8197
2465,296098,2,970216
2466,296098,2,141034
2467,296098,2,1371012
2468,296098,1,488
2469,1406,2,7904
2470,1406,2,11511
2471,1406,2,9257
2472,1406,2,3785
2473,1406,2,33487
2474,1406,2,33488
2475,1406,2,31005
2476,1406,2,3801
2477,1406,1,33485
2478,10328,2,26472
2479,10328,2,194670
2480,10328,2,6197
2481,10328,2,18156
2482,10328,2,11065
2483,10328,2,7668
2484,10328,2,21151
2485,10328,2,64929
2486,10328,1,6159
2487,93313,2,30211
2488,93313,2,20501
2489,93313,2,116640
2490,93313,2,4302
2491,93313,2,14357
2492,93313,2,14686
2493,93313,2,1031219
2494,93313,2,1031220
2495,93313,1,11435
2496,93313,1,10001
2497,93313,1,226631
2498,903,2,3636
2499,903,2,12950
2500,903,2,8962
2501,903,2,13869
2502,903,2,5048
2503,903,2,2778
2504,903,2,13871
2505,903,2,13872
2506,903,1,13859
2507,68718,2,134
2508,68718,2,27319
2509,68718,2,6193
2510,68718,2,11703
2511,68718,2,2231
2512,68718,2,27740
2513,68718,2,27770
2514,68718,2,1736
2515,68718,1,138
2516,522,2,85
2517,522,2,2641
2518,522,2,520
2519,522,2,4687
2520,522,2,4004
2521,522,2,3173
2522,522,2,7132
2523,522,2,1532
2524,522,1,510
2525,9665,2,4756
2526,9665,2,5292
2527,9665,2,2130
2528,9665,2,192
2529,9665,2,58426
2530,9665,2,6861
2531,9665,2,9277
2532,9665,2,58141
2533,9665,1,9181
2534,769,2,380
2535,769,2,11477
2536,769,2,4517
2537,769,2,11478
2538,769,2,7004
2539,769,2,11480
2540,769,2,11482
2541,769,2,5170
2542,769,1,1032
2543,489,2,2157
2544,489,2,1892
2545,489,2,880
2546,489,2,1640
2547,489,2,6613
2548,489,2,1893
2549,489,2,6614
2550,489,2,6615
2551,489,1,5216
2552,5143,2,1243
2553,5143,2,3895
2554,5143,2,12021
2555,5143,2,4
2556,5143,2,10767
2557,5143,2,19411
2558,5143,2,41516
2559,5143,2,11511
2560,5143,1,1243
2561,16869,2,287
2562,16869,2,19119
2563,16869,2,27319
2564,16869,2,16847
2565,16869,2,17288
2566,16869,2,9824
2567,16869,2,3872
2568,16869,2,1844
2569,16869,1,138
2570,11889,2,5309
2571,11889,2,388
2572,11889,2,204
2573,11889,2,19923
2574,11889,2,1249
2575,11889,2,54447
2576,11889,2,35257
2577,11889,2,7058
2578,11889,1,36693
2579,9390,2,500
2580,9390,2,9777
2581,9390,2,9137
2582,9390,2,11164
2583,9390,2,142955
2584,9390,2,67778
2585,9390,2,3035
2586,9390,2,12217
2587,9390,1,11649
2588,41495,2,82216
2589,41495,2,29623
2590,41495,2,30211
2591,41495,2,18803
2592,41495,2,22091
2593,41495,2,126678
2594,41495,2,29315
2595,41495,2,20368
2596,41495,1,9054
2597,42222,2,6352
2598,42222,2,13333
2599,42222,2,4765
2600,42222,2,12150
2601,42222,2,11066
2602,42222,2,8492
2603,42222,2,5064
2604,42222,2,25166
2605,42222,1,4065
2606,118889,2,85848
2607,118889,2,32128
2608,118889,2,4302
2609,118889,2,34748
2610,118889,2,13354
2611,118889,2,18586
2612,118889,2,13969
2613,118889,2,103620
2614,118889,1,76381
2615,773,2,17141
2616,773,2,3051
2617,773,2,4495
2618,773,2,17142
2619,773,2,17140
2620,773,2,1903
2621,773,2,17419
2622,773,2,5151
2623,773,1,16959
2624,773,1,16960
2625,29592,2,2090
2626,29592,2,5401
2627,29592,2,12250
2628,29592,2,53818
2629,29592,2,11027
2630,29592,2,93163
2631,29592,2,33090
2632,29592,2,10924
2633,29592,1,13980
2634,11881,2,22600
2635,11881,2,2769
2636,11881,2,70035
2637,11881,2,70820
2638,11881,2,10928
2639,11881,2,14975
2640,11881,2,1193327
2641,11881,2,95668
2642,11881,1,24939
2643,37853,2,4958
2644,37853,2,5788
2645,37853,2,32428
2646,37853,2,3151
2647,37853,2,37469
2648,37853,2,4303
2649,37853,2,45291
2650,37853,2,2787
2651,37853,1,8500
2652,37853,1,9054
2653,37853,1,86051
2654,38953,2,15197
2655,38953,2,10158
2656,38953,2,12726
2657,38953,2,122632
2658,38953,2,11859
2659,38953,2,7192
2660,38953,2,8225
2661,38953,2,31721
2662,38953,1,12238
2663,40885,2,3084
2664,40885,2,124933
2665,40885,2,1793
2666,40885,2,123187
2667,40885,2,10022
2668,40885,2,16896
2669,40885,2,51764
2670,40885,2,124934
2671,40885,1,86051
2672,967,2,2090
2673,967,2,3359
2674,967,2,14500
2675,967,2,10921
2676,967,2,14501
2677,967,2,7304
2678,967,2,13026
2679,967,2,14502
2680,967,1,240
2681,995,2,14965
2682,995,2,4165
2683,995,2,14966
2684,995,2,8516
2685,995,2,3383
2686,995,2,14967
2687,995,2,13555
2688,995,2,14968
2689,995,1,8500
2690,33632,2,3636
2691,33632,2,41283
2692,33632,2,39816
2693,33632,2,9626
2694,33632,2,28778
2695,33632,2,68642
2696,33632,2,3639
2697,33632,2,94764
2698,33632,1,3632
2699,231,2,1461
2700,231,2,1892
2701,231,2,2954
2702,231,2,2955
2703,231,2,2956
2704,231,2,227
2705,231,2,290
2706,231,2,2957
2707,231,1,2945
2708,34689,2,4110
2709,34689,2,25787
2710,34689,2,8254
2711,34689,2,38037
2712,34689,2,24499
2713,34689,2,29327
2714,34689,2,115780
2715,34689,2,12310
2716,34689,1,10601
2717,12501,2,8487
2718,12501,2,14500
2719,12501,2,14701
2720,12501,2,10017
2721,12501,2,2753
2722,12501,2,30527
2723,12501,2,30304
2724,12501,2,27747
2725,12501,1,10001
2726,1715,2,2219
2727,1715,2,6885
2728,1715,2,18792
2729,1715,2,22226
2730,1715,2,3895
2731,1715,2,13724
2732,1715,2,1907
2733,1715,2,4237
2734,1715,1,5306
2735,155,2,3894
2736,155,2,3895
2737,155,2,1810
2738,155,2,6383
2739,155,2,64
2740,155,2,1579
2741,155,2,192
2742,155,2,101015
2743,155,1,525
2744,45317,2,13240
2745,45317,2,3894
2746,45317,2,9273
2747,45317,2,6832
2748,45317,2,1415263
2749,45317,2,81462
2750,45317,2,10489
2751,45317,2,999736
2752,45317,1,17883
2753,1888,2,3151
2754,1888,2,6837
2755,1888,2,19779
2756,1888,2,19780
2757,1888,2,14834
2758,1888,2,19781
2759,1888,2,19782
2760,1888,2,2648
2761,1888,1,3146
2762,5503,2,3
2763,5503,2,2176
2764,5503,2,6068
2765,5503,2,1231
2766,5503,2,532
2767,5503,2,43773
2768,5503,2,1924
2769,5503,2,43774
2770,5503,1,12989
2771,625,2,8975
2772,625,2,8976
2773,625,2,8977
2774,625,2,6949
2775,625,2,11860
2776,625,2,6104
2777,625,2,8978
2778,625,2,104795
2779,625,1,8965
2780,25188,2,19207
2781,25188,2,1229
2782,25188,2,1036
2783,25188,2,8258
2784,25188,2,9599
2785,25188,2,9560
2786,25188,2,39015
2787,25188,2,62019
2788,25188,1,39012
2789,80616,2,30210
2790,80616,2,20501
2791,80616,2,11169
2792,80616,2,14976
2793,80616,2,30303
2794,80616,2,34610
2795,80616,2,96257
2796,80616,2,128437
2797,80616,1,18738
2798,14328,2,19207
2799,14328,2,57905
2800,14328,2,11783
2801,14328,2,6110
2802,14328,2,37421
2803,14328,2,52995
2804,14328,2,132371
2805,14328,2,165364
2806,14328,1,14838
2807,118872,2,1934
2808,118872,2,3461
2809,118872,2,8349
2810,118872,2,980052
2811,118872,1,140354
2812,16561,2,6837
2813,16561,2,80625
2814,16561,2,24318
2815,16561,2,71898
2816,16561,2,80626
2817,16561,2,73030
2818,16561,2,1164
2819,16561,2,35516
2820,16561,1,18378
2821,117,2,1269
2822,117,2,738
2823,117,2,380
2824,117,2,1271
2825,117,2,1270
2826,117,2,1272
2827,117,2,1273
2828,117,2,1274
2829,117,1,1150
2830,629,2,9045
2831,629,2,5168
2832,629,2,9046
2833,629,2,7166
2834,629,2,4935
2835,629,2,1979
2836,629,2,2179
2837,629,2,4808
2838,629,1,9032
2839,14710,2,4068
2840,14710,2,4302
2841,14710,2,77175
2842,14710,2,77176
2843,14710,2,41214
2844,14710,2,14664
2845,14710,2,14001
2846,14710,2,145832
2847,14710,1,10001
2848,28145,2,6352
2849,28145,2,30428
2850,28145,2,13326
2851,28145,2,70985
2852,28145,2,7503
2853,28145,2,7673
2854,28145,2,40390
2855,28145,2,6905
2856,28145,1,2226
2857,5052,2,29902
2858,5052,2,14501
2859,5052,2,12150
2860,5052,2,28182
2861,5052,2,6599
2862,5052,2,33723
2863,5052,2,30719
2864,5052,1,14227
2865,15497,2,8487
2866,15497,2,10609
2867,15497,2,10608
2868,15497,2,13297
2869,15497,2,29313
2870,15497,2,78304
2871,15497,2,11033
2872,15497,2,78305
2873,15497,1,37362
2874,1810,2,3084
2875,1810,2,19216
2876,1810,2,5401
2877,1810,2,9872
2878,1810,2,15676
2879,1810,2,1944
2880,1810,2,19221
2881,1810,2,2756
2882,1810,1,2746
2883,244786,2,996701
2884,244786,2,18999
2885,244786,2,129104
2886,244786,2,970216
2887,244786,2,223012
2888,244786,2,159366
2889,244786,2,781
2890,244786,2,1451540
2891,244786,1,136495
2892,15927,2,351
2893,15927,2,12248
2894,15927,2,3672
2895,15927,2,1292
2896,15927,2,78951
2897,15927,2,53517
2898,15927,2,47520
2899,15927,1,12238
2900,33364,2,16897
2901,33364,2,7632
2902,33364,2,70286
2903,33364,2,35849
2904,33364,2,95224
2905,33364,2,86346
2906,33364,2,4119
2907,33364,2,110537
2908,33364,1,67619
2909,10671,2,13784
2910,10671,2,4299
2911,10671,2,3830
2912,10671,2,14061
2913,10671,2,12950
2914,10671,2,47439
2915,10671,2,18803
2916,10671,2,21151
2917,10671,1,24939
2918,37658,2,13576
2919,37658,2,8725
2920,37658,2,118022
2921,37658,2,34442
2922,37658,2,22600
2923,37658,2,4113
2924,37658,2,39799
2925,37658,2,25173
2926,37658,1,9054
2927,475,2,6449
2928,475,2,6450
2929,475,2,6451
2930,475,2,3460
2931,475,2,193
2932,475,2,6461
2933,475,2,6462
2934,475,2,6463
2935,475,1,6448
2936,85350,2,931944
2937,85350,2,4687
2938,85350,2,569
2939,85350,2,1467501
2940,85350,2,1327009
2941,85350,2,32239
2942,85350,2,1467504
2943,85350,2,1467505
2944,85350,1,564
2945,11382,2,3036
2946,11382,2,1902
2947,11382,2,7906
2948,11382,2,9046
2949,11382,2,18248
2950,11382,2,5251
2951,11382,2,3026
2952,11382,2,30364
2953,11382,1,1243
2954,55106,2,18892
2955,55106,2,41218
2956,55106,2,40618
2957,55106,2,12988
2958,55106,2,99583
2959,55106,1,213341
2960,28289,2,6837
2961,28289,2,4111
2962,28289,2,18892
2963,28289,2,726
2964,28289,2,158152
2965,28289,2,82779
2966,28289,2,111581
2967,28289,2,91208
2968,28289,1,69300
2969,26686,2,6352
2970,26686,2,21278
2971,26686,2,10978
2972,26686,2,3895
2973,26686,2,6837
2974,26686,2,58251
2975,26686,2,14832
2976,26686,2,60291
2977,26686,1,18378
2978,2289,2,9642
2979,2289,2,2227
2980,2289,2,9137
2981,2289,2,20300
2982,2289,2,2039
2983,2289,2,1233
2984,2289,2,524
2985,2289,2,25933
2986,2289,1,2239
2987,1125,2,134
2988,1125,2,14386
2989,1125,2,776
2990,1125,2,2047
2991,1125,2,15565
2992,1125,2,15563
2993,1125,2,15564
2994,1125,2,15566
2995,1125,1,15557
2996,220,2,2749
2997,220,2,2750
2998,220,2,2669
2999,220,2,2751
3000,220,2,2752
3001,220,2,2753
3002,220,2,2755
3003,220,2,2207
3004,220,1,2746
3005,393457,2,5292
3006,393457,2,19492
3007,393457,2,196179
3008,393457,2,1607522
3009,393457,2,62649
3010,393457,2,34
3011,393457,2,1607523
3012,393457,2,99407
3013,393457,1,5292
3014,27854,2,4068
3015,27854,2,4111
3016,27854,2,30719
3017,27854,2,99171
3018,27854,2,14533
3019,27854,2,121318
3020,27854,2,14979
3021,27854,2,153380
3022,27854,1,10790
3023,251,2,723
3024,251,2,3416
3025,251,2,2395
3026,251,2,3417
3027,251,2,3418
3028,251,2,3422
3029,251,2,17401
3030,251,2,3432
3031,251,1,3415
3032,3558,2,1920
3033,3558,2,11701
3034,3558,2,20387
3035,3558,2,328
3036,3558,2,32798
3037,3558,2,13333
3038,3558,2,2395
3039,3558,2,7499
3040,3558,1,366
3041,11787,2,854
3042,11787,2,2667
3043,11787,2,15978
3044,11787,2,70492
3045,11787,2,130063
3046,11787,2,93664
3047,11787,2,30228
3048,11787,2,96239
3049,11787,1,33064
3050,78734,2,10922
3051,78734,2,94928
3052,78734,2,18156
3053,78734,2,125841
3054,78734,2,14966
3055,78734,2,41755
3056,78734,2,120758
3057,78734,2,89687
3058,78734,1,37362
3059,11016,2,4110
3060,11016,2,13566
3061,11016,2,7570
3062,11016,2,17753
3063,11016,2,14965
3064,11016,2,18646
3065,11016,2,86003
3066,11016,2,96162
3067,11016,1,6593
3068,2118,2,1979
3069,2118,2,529
3070,2118,2,518
3071,2118,2,2505
3072,2118,2,326
3073,2118,2,934
3074,2118,2,11064
3075,2118,2,12122
3076,2118,1,323
3077,82695,2,6968
3078,82695,2,934
3079,82695,2,1813
3080,82695,2,71070
3081,82695,2,6730
3082,82695,2,1283
3083,82695,2,37632
3084,82695,2,143425
3085,82695,1,70500
3086,38772,2,4765
3087,38772,2,12406
3088,38772,2,118487
3089,38772,2,2453
3090,38772,2,147077
3091,38772,2,147078
3092,38772,2,6451
3093,38772,2,45480
3094,38772,1,16294
3095,4566,2,1461
3096,4566,2,207
3097,4566,2,3063
3098,4566,2,2226
3099,4566,2,38085
3100,4566,2,38086
3101,4566,2,81681
3102,4566,2,24305
3103,4566,1,19242
3104,11448,2,1243
3105,11448,2,23931
3106,11448,2,1283
3107,11448,2,1164
3108,11448,2,10560
3109,11448,2,29545
3110,11448,2,3019
3111,11448,2,4688
3112,11448,1,1243
3113,4176,2,3926
3114,4176,2,7570
3115,4176,2,1936
3116,4176,2,4111
3117,4176,2,14061
3118,4176,2,19162
3119,4176,2,738
3120,4176,2,11857
3121,4176,1,39996
3122,10377,2,4517
3123,10377,2,2877
3124,10377,2,3141
3125,10377,2,19505
3126,10377,2,56266
3127,10377,2,14888
3128,10377,2,65019
3129,10377,2,6168
3130,10377,1,21217
3131,17641,2,1937
3132,17641,2,8841
3133,17641,2,3635
3134,17641,2,7641
3135,17641,2,14730
3136,17641,2,1020650
3137,17641,2,1011213
3138,17641,2,5832
3139,17641,1,84034
3140,52362,2,2638
3141,52362,2,97777
3142,52362,2,13820
3143,52362,2,39800
3144,52362,2,2021
3145,52362,2,11028
3146,52362,2,64212
3147,52362,2,95315
3148,52362,1,14567
3149,11293,2,31070
3150,11293,2,68890
3151,11293,2,29803
3152,11293,2,12296
3153,11293,2,1549567
3154,11293,2,90844
3155,11293,2,236486
3156,11293,2,31005
3157,11293,1,39012
3158,12509,2,228
3159,12509,2,4726
3160,12509,2,19453
3161,12509,2,6161
3162,12509,2,4971
3163,12509,2,11512
3164,12509,2,5576
3165,12509,2,72580
3166,12509,1,228
3167,25793,2,109560
3168,25793,2,60561
3169,25793,2,52851
3170,25793,2,66586
3171,25793,2,77069
3172,25793,2,109561
3173,25793,2,109562
3174,25793,2,109563
3175,25793,1,20019
3176,2075,2,514
3177,2075,2,3391
3178,2075,2,1162
3179,2075,2,21282
3180,2075,2,21283
3181,2075,2,13938
3182,2075,2,5657
3183,2075,2,21284
3184,2075,1,6593
3185,805,2,12021
3186,805,2,11147
3187,805,2,4970
3188,805,2,12022
3189,805,2,12023
3190,805,2,1208
3191,805,2,12024
3192,805,2,12025
3193,805,1,3556
3194,31121,2,6449
3195,31121,2,1666
3196,31121,2,18892
3197,31121,2,30123
3198,31121,2,5251
3199,31121,2,57138
3200,31121,2,9597
3201,31121,2,16097
3202,31121,1,4964
3203,31052,2,227
3204,31052,2,3391
3205,31052,2,16935
3206,31052,2,87007
3207,31052,2,28010
3208,31052,2,42157
3209,31052,2,8984
3210,31052,2,84598
3211,31052,1,8844
3212,2567,2,6193
3213,2567,2,112
3214,2567,2,3967
3215,2567,2,4764
3216,2567,2,7447
3217,2567,2,21278
3218,2567,2,65
3219,2567,2,9642
3220,2567,1,1032
3221,32499,2,29623
3222,32499,2,2090
3223,32499,2,12308
3224,32499,2,19328
3225,32499,2,40433
3226,32499,2,77081
3227,32499,2,29273
3228,32499,2,2642
3229,32499,1,13980
3230,1985,2,5469
3231,1985,2,3293
3232,1985,2,6413
3233,1985,2,2440
3234,1985,2,20425
3235,1985,2,4935
3236,1985,2,7025
3237,1985,2,5418
3238,1985,1,8557
3239,306819,2,37632
3240,306819,2,227454
3241,306819,2,73381
3242,306819,2,55085
3243,306819,2,17064
3244,306819,2,8197
3245,306819,2,36666
3246,306819,2,118617
3247,306819,1,70500
3248,2576,2,26142
3249,2576,2,24820
3250,2576,2,7632
3251,2576,2,6679
3252,2576,2,26147
3253,2576,2,23708
3254,2576,2,6930
3255,2576,2,12356
3256,2576,1,18738
3257,177,2,1229
3258,177,2,2157
3259,177,2,2167
3260,177,2,99
3261,177,2,2169
3262,177,2,11073
3263,177,2,11074
3264,177,2,11075
3265,177,1,280
3266,43705,2,3380
3267,43705,2,20364
3268,43705,2,13992
3269,43705,2,83260
3270,43705,2,11498
3271,43705,2,30215
3272,43705,2,14452
3273,43705,2,96721
3274,43705,1,34740
3275,50014,2,54693
3276,50014,2,19492
3277,50014,2,6944
3278,50014,2,18997
3279,50014,2,83002
3280,50014,2,6858
3281,50014,2,19
3282,50014,2,5606
3283,50014,1,55789
3284,56135,2,10922
3285,56135,2,20124
3286,56135,2,70820
3287,56135,2,10606
3288,56135,2,20125
3289,56135,2,2435
3290,56135,2,83260
3291,56135,2,13733
3292,56135,1,34740
3293,37222,2,3635
3294,37222,2,5341
3295,37222,2,10508
3296,37222,2,29428
3297,37222,2,11127
3298,37222,2,10978
3299,37222,2,8229
3300,37222,2,40
3301,37222,1,32919
3302,11541,2,2461
3303,11541,2,10205
3304,11541,2,12516
3305,11541,2,4776
3306,11541,2,70753
3307,11541,2,110010
3308,11541,2,1019408
3309,11541,2,80267
3310,11541,1,2690
3311,9576,2,4483
3312,9576,2,4431
3313,9576,2,8437
3314,9576,2,12850
3315,9576,2,1466
3316,9576,2,1532
3317,9576,2,2226
3318,9576,2,57351
3319,9576,1,2226
3320,5038,2,1245
3321,5038,2,15556
3322,5038,2,3810
3323,5038,2,955
3324,5038,2,60021
3325,5038,2,61659
3326,5038,2,1276
3327,5038,2,14721
3328,5038,1,1243
3329,69605,2,18735
3330,69605,2,7570
3331,69605,2,2493
3332,69605,2,10487
3333,69605,2,46711
3334,69605,2,109406
3335,69605,2,2096
3336,69605,2,2646
3337,69605,1,46712
3338,10604,2,5401
3339,10604,2,27554
3340,10604,2,18847
3341,10604,2,45523
3342,10604,2,65842
3343,10604,2,65893
3344,10604,2,65896
3345,10604,2,65894
3346,10604,1,65843
3347,389,2,4958
3348,389,2,1936
3349,389,2,5247
3350,389,2,5248
3351,389,2,5249
3352,389,2,5250
3353,389,2,2651
3354,389,2,5251
3355,389,1,39996
3356,369885,2,287
3357,369885,2,8293
3358,369885,2,15440
3359,369885,2,16358
3360,369885,2,51988
3361,369885,2,1247
3362,369885,2,27397
3363,369885,2,6091
3364,369885,1,24
3365,73,2,819
3366,73,2,820
3367,73,2,821
3368,73,2,822
3369,73,2,823
3370,73,2,824
3371,73,2,825
3372,73,2,826
3373,73,1,814
3374,102899,2,22226
3375,102899,2,3392
3376,102899,2,19034
3377,102899,2,74541
3378,102899,2,21127
3379,102899,2,53650
3380,102899,2,20750
3381,102899,2,1360010
3382,102899,1,59026
3383,329865,2,9273
3384,329865,2,17604
3385,329865,2,2178
3386,329865,2,72873
3387,329865,2,21629
3388,329865,2,225411
3389,329865,2,1522166
3390,329865,2,1646444
3391,329865,1,137427
3392,121856,2,17288
3393,121856,2,8293
3394,121856,2,16940
3395,121856,2,2039
3396,121856,2,44079
3397,121856,2,39390
3398,121856,2,235125
3399,121856,2,1367569
3400,121856,1,549310
3401,19995,2,65731
3402,19995,2,8691
3403,19995,2,10205
3404,19995,2,32747
3405,19995,2,17647
3406,19995,2,1771
3407,19995,2,59231
3408,19995,2,30485
3409,19995,1,2710
3410,99861,2,3223
3411,99861,2,74568
3412,99861,2,103
3413,99861,2,16828
3414,99861,2,1245
3415,99861,2,17604
3416,99861,2,13548
3417,99861,2,2231
3418,99861,1,12891
3419,331214,2,20186
3420,331214,2,17402
3421,331214,2,9275
3422,331214,2,35091
3423,331214,2,2203
3424,331214,2,56366
3425,331214,2,1232094
3426,331214,2,17288
3427,331214,1,23968
3428,331214,1,33315
3429,331214,1,30149
3430,331214,1,33316
3431,331214,1,31
3432,331214,1,33317
3433,331214,1,5065
3434,331214,1,166291
3435,209112,2,73968
3436,209112,2,880
3437,209112,2,9273
3438,209112,2,44735
3439,209112,2,2882
3440,209112,2,2975
3441,209112,2,16940
3442,209112,2,18686
3443,209112,1,15217
3444,325553,2,587
3445,325553,2,1581
3446,325553,2,51798
3447,325553,2,50668
3448,325553,2,9145
3449,325553,2,74423
3450,325553,2,540
3451,325553,2,77209
3452,325553,1,28741
3453,271110,2,16828
3454,271110,2,3223
3455,271110,2,1245
3456,271110,2,60898
3457,271110,2,53650
3458,271110,2,1896
3459,271110,2,17604
3460,271110,2,172069
3461,271110,1,19271
3462,271110,1,19272
3463,150689,2,1016168
3464,150689,2,112
3465,150689,2,512991
3466,150689,2,1283
3467,150689,2,1640
3468,150689,2,302165
3469,150689,2,1186087
3470,150689,2,937
3471,150689,1,11181
3472,11216,2,24366
3473,11216,2,20030
3474,11216,2,27643
3475,11216,2,68635
3476,11216,2,120152
3477,11216,2,70083
3478,11216,2,52657
3479,11216,2,1014911
3480,11216,1,65314
3481,901,2,13848
3482,901,2,13852
3483,901,2,13853
3484,901,2,13854
3485,901,2,13855
3486,901,2,13856
3487,901,2,21306
3488,901,2,1041513
3489,901,1,13848
3490,598,2,8595
3491,598,2,8596
3492,598,2,8597
3493,598,2,8598
3494,598,2,8599
3495,598,2,8600
3496,598,2,5659
3497,598,2,8601
3498,598,1,8557
3499,598,1,8559
3500,293660,2,10859
3501,293660,2,54882
3502,293660,2,1047649
3503,293660,2,51990
3504,293660,2,78452
3505,293660,2,122750
3506,293660,2,1492326
3507,293660,2,1109702
3508,293660,1,55252
3509,393729,2,1578123
3510,393729,2,1609918
3511,393729,2,1648518
3512,393729,2,1464081
3513,393729,2,1439022
3514,393729,2,1362834
3515,393729,2,1382587
3516,393729,2,1731008
3517,393729,1,1609917
3518,284052,2,71580
3519,284052,2,5294
3520,284052,2,53714
3521,284052,2,30082
3522,284052,2,3063
3523,284052,2,1019
3524,284052,2,74568
3525,284052,2,72873
3526,284052,1,55499
3527,313106,2,136532
3528,313106,2,20049
3529,313106,2,2040
3530,313106,2,5049
3531,313106,2,47654
3532,313106,2,80112
3533,313106,2,137928
3534,313106,2,47513
3535,313106,1,42274
3536,259316,2,37632
3537,259316,2,72466
3538,259316,2,77795
3539,259316,2,58873
3540,259316,2,998225
3541,259316,2,10127
3542,259316,2,2372
3543,259316,2,85
3544,259316,1,11343
3545,341174,2,118545
3546,341174,2,1254583
3547,341174,2,33337
3548,341174,2,222130
3549,341174,2,234982
3550,341174,2,1089873
3551,341174,2,56680
3552,341174,2,59251
3553,341174,1,15890
3554,550,2,819
3555,550,2,287
3556,550,2,7470
3557,550,2,7499
3558,550,2,1283
3559,550,2,7471
3560,550,2,7497
3561,550,2,7498
3562,550,1,7467
3563,127380,2,14
3564,127380,2,13
3565,127380,2,1559638
3566,127380,2,18977
3567,127380,2,3092
3568,127380,2,26510
3569,127380,2,95102
3570,127380,2,15232
3571,127380,1,7
3572,127380,1,7929
3573,228150,2,287
3574,228150,2,10959
3575,228150,2,33235
3576,228150,2,454
3577,228150,2,19498
3578,228150,2,83968
3579,228150,2,15376
3580,228150,2,1345133
3581,228150,1,19769
3582,419430,2,206919
3583,419430,2,1255540
3584,419430,2,11367
3585,419430,2,2229
3586,419430,2,572541
3587,419430,2,17401
3588,419430,2,1200864
3589,419430,2,1704626
3590,419430,1,291263
3591,315837,2,1245
3592,315837,2,90060
3593,315837,2,3317
3594,315837,2,1137
3595,315837,2,10692
3596,315837,2,101015
3597,315837,2,1544148
3598,315837,2,75748
3599,315837,1,228134
3600,210577,2,880
3601,210577,2,10882
3602,210577,2,1308445
3603,210577,2,41686
3604,210577,2,80602
3605,210577,2,21165
3606,210577,2,11663
3607,210577,2,1294
3608,210577,1,7467
3609,12477,2,72413
3610,12477,2,72414
3611,12477,2,72415
3612,12477,2,72416
3613,12477,1,628
3614,118340,2,73457
3615,118340,2,8691
3616,118340,2,543530
3617,118340,2,12835
3618,118340,2,51329
3619,118340,2,72095
3620,118340,2,12132
3621,118340,2,543261
3622,118340,1,15218
3623,324786,2,37625
3624,324786,2,65731
3625,324786,2,4937
3626,324786,2,972356
3627,324786,2,20374
3628,324786,2,1331
3629,324786,2,3052
3630,324786,2,1213279
3631,324786,1,2461
3632,14537,2,70131
3633,14537,2,76975
3634,14537,2,76976
3635,14537,2,76977
3636,14537,2,1268593
3637,14537,2,20828
3638,14537,2,125721
3639,14537,2,33730
3640,14537,1,76978
3641,381284,2,40036
3642,381284,2,6944
3643,381284,2,1005852
3644,381284,2,1269
3645,381284,2,205
3646,381284,2,5374
3647,381284,2,83271
3648,381284,2,932967
3649,381284,1,1141683
3650,12493,2,7450
3651,12493,2,70131
3652,12493,2,34374
3653,12493,2,13251
3654,12493,2,20830
3655,12493,2,72539
3656,12493,2,72540
3657,12493,2,7453
3658,12493,1,5026
3659,5544,2,267962
3660,5544,2,25466
3661,5544,2,44020
3662,5544,2,44021
3663,5544,2,24422
3664,5544,1,11983
3665,4935,2,12670
3666,4935,2,20338
3667,4935,2,19592
3668,4935,2,40449
3669,4935,2,40450
3670,4935,2,40451
3671,4935,2,40452
3672,4935,2,40453
3673,4935,1,608
3674,27205,2,6193
3675,27205,2,24045
3676,27205,2,27578
3677,27205,2,2524
3678,27205,2,3899
3679,27205,2,2037
3680,27205,2,8293
3681,27205,2,3895
3682,27205,1,525
3683,157336,2,10297
3684,157336,2,83002
3685,157336,2,1813
3686,157336,2,3895
3687,157336,2,1893
3688,157336,2,851784
3689,157336,2,1190668
3690,157336,2,58549
3691,157336,1,525
3692,245891,2,6384
3693,245891,2,6283
3694,245891,2,71586
3695,245891,2,88995
3696,245891,2,18354
3697,245891,2,68763
3698,245891,2,6972
3699,245891,2,5723
3700,245891,1,40644
3701,245891,1,40684
3702,135397,2,73457
3703,135397,2,18997
3704,135397,2,76793
3705,135397,2,7132
3706,135397,2,1108907
3707,135397,2,17181
3708,135397,2,543505
3709,135397,2,78423
3710,135397,1,930707
3711,293167,2,91606
3712,293167,2,2231
3713,293167,2,1230
3714,293167,2,60073
3715,293167,2,1151657
3716,293167,2,20286
3717,293167,2,40543
3718,293167,2,1154054
3719,293167,1,236539
3720,101,2,1003
3721,101,2,524
3722,101,2,64
3723,101,2,1004
3724,101,2,1005
3725,101,2,1006
3726,101,2,1007
3727,101,2,1008
3728,101,1,59
3729,395992,2,933238
3730,395992,2,131
3731,395992,2,10859
3732,395992,2,9195
3733,395992,2,1238461
3734,395992,2,932267
3735,395992,2,1752148
3736,395992,2,205659
3737,395992,1,125738
3738,263115,2,6968
3739,263115,2,2387
3740,263115,2,1464650
3741,263115,2,467645
3742,263115,2,39189
3743,263115,2,20766
3744,263115,2,23628
3745,263115,2,21215
3746,263115,1,366
3747,76341,2,2524
3748,76341,2,6885
3749,76341,2,3292
3750,76341,2,26060
3751,76341,2,1056053
3752,76341,2,24898
3753,76341,2,37153
3754,76341,2,236048
3755,76341,1,20629
3756,211672,2,18277
3757,211672,2,65717
3758,211672,2,2232
3759,211672,2,19
3760,211672,2,4581
3761,211672,2,12094
3762,211672,2,118
3763,211672,2,4495
3764,211672,1,8023
3765,211672,1,124747
3766,283366,2,10912
3767,283366,2,77996
3768,283366,2,2231
3769,283366,2,5309
3770,283366,2,4757
3771,283366,2,40477
3772,283366,2,19
3773,283366,2,28641
3774,283366,1,510
3775,3082,2,13848
3776,3082,2,14027
3777,3082,2,14438
3778,3082,2,30194
3779,3082,2,30195
3780,3082,2,13856
3781,3082,2,30196
3782,3082,2,13855
3783,3082,1,13848
3784,265177,2,86612
3785,265177,2,142689
3786,265177,2,575662
3787,265177,2,142995
3788,265177,2,123185
3789,265177,2,1440314
3790,265177,2,1440315
3791,265177,2,227059
3792,265177,1,143593
3793,242582,2,131
3794,242582,2,14343
3795,242582,2,53240
3796,242582,2,2053
3797,242582,2,97604
3798,242582,2,61084
3799,242582,2,59260
3800,242582,2,18293
3801,242582,1,57113
3802,311,2,380
3803,311,2,4512
3804,311,2,4513
3805,311,2,4517
3806,311,2,4521
3807,311,2,4514
3808,311,2,4515
3809,311,2,1004
3810,311,1,4385
3811,140420,2,8020
3812,140420,2,116315
3813,140420,2,1112515
3814,140420,2,1381547
3815,140420,1,8020
3816,274870,2,72129
3817,274870,2,73457
3818,274870,2,3968
3819,274870,2,2975
3820,274870,2,1271
3821,274870,2,1313564
3822,274870,2,1455769
3823,274870,2,1473350
3824,274870,1,77965
3825,975,2,2090
3826,975,2,14562
3827,975,2,14563
3828,975,2,14564
3829,975,2,14565
3830,975,2,12312
3831,975,2,592
3832,975,2,2758
3833,975,1,240
3834,388399,2,13240
3835,388399,2,1230
3836,388399,2,18999
3837,388399,2,4724
3838,388399,2,11705
3839,388399,2,129104
3840,388399,2,87118
3841,388399,2,934281
3842,388399,1,36602
3843,399106,1,8012
3844,22,2,85
3845,22,2,118
3846,22,2,114
3847,22,2,116
3848,22,2,1709
3849,22,2,378
3850,22,2,2449
3851,22,2,8691
3852,22,1,1704
3853,305470,2,1525047
3854,305470,2,240724
3855,305470,2,1394670
3856,305470,2,1529446
3857,305470,2,1525689
3858,305470,2,19278
3859,305470,2,17419
3860,305470,2,9281
3861,305470,1,1099862
3862,128,2,622
3863,128,2,20330
3864,128,2,20331
3865,128,2,20332
3866,128,2,20333
3867,128,2,20334
3868,128,2,613
3869,128,2,20335
3870,128,1,608
3871,539,2,7301
3872,539,2,7303
3873,539,2,7304
3874,539,2,7302
3875,539,2,1936
3876,539,2,53010
3877,539,2,14063
3878,539,2,78902
3879,539,1,2636
3880,680,2,8891
3881,680,2,2231
3882,680,2,139
3883,680,2,62
3884,680,2,10182
3885,680,2,1037
3886,680,2,7036
3887,680,2,3129
3888,680,1,138
3889,567,2,854
3890,567,2,4070
3891,567,2,7683
3892,567,2,7684
3893,567,2,7685
3894,567,2,7686
3895,567,2,49906
3896,567,2,161738
3897,567,1,2636
3898,14564,2,1464589
3899,14564,2,1167375
3900,14564,2,16478
3901,14564,2,145836
3902,14564,2,58517
3903,14564,2,7132
3904,14564,2,439253
3905,14564,2,1731344
3906,14564,1,94403
3907,330459,2,72855
3908,330459,2,8688
3909,330459,2,77335
3910,330459,2,1341
3911,330459,2,1019
3912,330459,2,21088
3913,330459,2,53240
3914,330459,2,77301
3915,330459,1,129894
3916,807,2,287
3917,807,2,192
3918,807,2,12052
3919,807,2,11885
3920,807,2,1979
3921,807,2,8655
3922,807,2,6487
3923,807,2,31028
3924,807,1,7467
3925,346,2,7450
3926,346,2,7453
3927,346,2,20828
3928,346,2,20829
3929,346,2,7454
3930,346,2,7457
3931,346,2,20830
3932,346,2,20831
3933,346,1,5026
3934,992,2,8635
3935,992,2,14920
3936,992,2,10530
3937,992,2,14921
3938,992,2,14922
3939,992,2,1263235
3940,992,2,120701
3941,992,2,144007
3942,992,1,8635
3943,369557,2,1539216
3944,369557,2,86232
3945,369557,2,33394
3946,369557,2,49735
3947,369557,2,1007683
3948,369557,2,1198869
3949,369557,2,1570231
3950,369557,2,1539217
3951,369557,1,45117
3952,110416,2,2039
3953,110416,2,58068
3954,110416,2,1326568
3955,110416,2,83278
3956,110416,2,37169
3957,110416,2,1326574
3958,110416,2,1442866
3959,110416,2,1442867
3960,110416,1,96676
3961,11,2,2
3962,11,2,3
3963,11,2,4
3964,11,2,5
3965,11,2,12248
3966,11,2,6
3967,11,2,130
3968,11,2,24343
3969,11,1,1
3970,140607,2,3
3971,140607,2,2
3972,140607,2,4
3973,140607,2,1023139
3974,140607,2,1315036
3975,140607,2,236695
3976,140607,2,25072
3977,140607,2,1267329
3978,140607,1,15344
3979,297761,2,2888
3980,297761,2,7499
3981,297761,2,234352
3982,297761,2,92404
3983,297761,2,19492
3984,297761,2,224181
3985,297761,2,19487
3986,297761,2,31164
3987,297761,1,19769
3988,599,2,8252
3989,599,2,8629
3990,599,2,8630
3991,599,2,8631
3992,599,2,8632
3993,599,2,8633
3994,599,2,8634
3995,599,2,8635
3996,599,1,3146
3997,87101,2,1100
3998,87101,2,76512
3999,87101,2,1223786
4000,87101,2,224181
4001,87101,2,18999
4002,87101,2,1030512
4003,87101,2,136532
4004,87101,2,24047
4005,87101,1,47005
4006,295693,2,7447
4007,295693,2,76743
4008,295693,2,884
4009,295693,2,78303
4010,295693,2,14406
4011,295693,2,2219
4012,295693,2,12080
4013,295693,2,1364287
4014,295693,1,18864
4015,1891,2,2
4016,1891,2,3
4017,1891,2,4
4018,1891,2,3799
4019,1891,2,6
4020,1891,2,24342
4021,1891,2,130
4022,1891,2,24343
4023,1891,1,10930
4024,429,2,3265
4025,429,2,190
4026,429,2,4078
4027,429,2,5813
4028,429,2,5814
4029,429,2,5815
4030,429,2,5816
4031,429,2,5817
4032,429,1,4385
4033,914,2,13848
4034,914,2,14028
4035,914,2,14029
4036,914,2,10924
4037,914,2,5464
4038,914,2,14035
4039,914,2,14027
4040,914,2,14030
4041,914,1,13848
4042,311324,2,1892
4043,311324,2,1151657
4044,311324,2,5293
4045,311324,2,25246
4046,311324,2,1253360
4047,311324,2,99687
4048,311324,2,1382332
4049,311324,2,1254211
4050,311324,1,607
4051,497,2,31
4052,497,2,61981
4053,497,2,52
4054,497,2,5149
4055,497,2,2505
4056,497,2,1276
4057,497,2,2169
4058,497,2,6807
4059,497,1,4027
4060,1059,2,7450
4061,1059,2,7453
4062,1059,2,7454
4063,1059,2,69335
4064,1059,2,96552
4065,1059,2,30907
4066,1059,2,106160
4067,1059,2,552164
4068,1059,1,5026
4069,122917,2,7060
4070,122917,2,1327
4071,122917,2,30315
4072,122917,2,25136
4073,122917,2,95047
4074,122917,2,67123
4075,122917,2,34715
4076,122917,2,1193834
4077,122917,1,108
4078,131631,2,72129
4079,131631,2,27972
4080,131631,2,96066
4081,131631,2,57755
4082,131631,2,55636
4083,131631,2,1233
4084,131631,2,1231
4085,131631,2,530025
4086,131631,1,10943
4087,205596,2,71580
4088,205596,2,116
4089,205596,2,1247
4090,205596,2,139549
4091,205596,2,85718
4092,205596,2,213394
4093,205596,2,4391
4094,205596,2,2983
4095,205596,1,77965
4096,77338,2,33161
4097,77338,2,78423
4098,77338,2,219708
4099,77338,2,19370
4100,77338,2,2411
4101,77338,2,26107
4102,77338,2,581728
4103,77338,2,581729
4104,77338,1,84425
4105,77338,1,84426
4106,198663,2,527393
4107,198663,2,1310760
4108,198663,2,115150
4109,198663,2,78062
4110,198663,2,1389339
4111,198663,2,25663
4112,198663,2,93491
4113,198663,2,1036196
4114,198663,1,1179066
4115,15206,2,18514
4116,15206,2,47670
4117,15206,2,47933
4118,15206,2,84261
4119,15206,2,24591
4120,15206,2,25333
4121,15206,2,44959
4122,15206,2,65750
4123,15206,1,4955
4124,780,2,11589
4125,780,2,11590
4126,780,2,11591
4127,780,2,11595
4128,780,2,11596
4129,780,2,11597
4130,780,2,11598
4131,780,2,11599
4132,780,1,11572
4133,19542,2,88935
4134,19542,2,68422
4135,19542,2,88937
4136,19542,2,81463
4137,19542,2,29137
4138,19542,2,56875
4139,19542,2,88938
4140,19542,2,38037
4141,19542,1,68424
4142,19542,1,37846
4143,278,2,504
4144,278,2,192
4145,278,2,4029
4146,278,2,6574
4147,278,2,6576
4148,278,2,6577
4149,278,2,6575
4150,278,2,6573
4151,278,1,4027
4152,149871,2,1115687
4153,149871,2,120690
4154,149871,2,70627
4155,149871,2,90570
4156,149871,2,148286
4157,149871,2,13250
4158,149871,2,1248335
4159,149871,2,56734
4160,149871,1,628
4161,18148,2,33135
4162,18148,2,134307
4163,18148,2,95504
4164,18148,2,131013
4165,18148,2,68411
4166,18148,2,131016
4167,18148,2,34374
4168,18148,2,106165
4169,18148,1,95501
4170,346672,2,3967
4171,346672,2,587020
4172,346672,2,213083
4173,346672,2,10920
4174,346672,2,4391
4175,346672,2,154689
4176,346672,2,9140
4177,346672,2,1070886
4178,346672,1,402272
4179,32085,2,1905
4180,32085,1,510
4181,356305,2,17051
4182,356305,2,17419
4183,356305,2,1059597
4184,356305,2,52119
4185,356305,2,971299
4186,356305,2,298410
4187,356305,2,53862
4188,356305,2,5726
4189,356305,1,17871
4190,37257,2,10922
4191,37257,2,2896
4192,37257,2,10921
4193,37257,2,2926
4194,37257,2,5182
4195,37257,2,10924
4196,37257,2,2782
4197,37257,2,10925
4198,37257,1,3146
4199,246655,2,5530
4200,246655,2,17288
4201,246655,2,72129
4202,246655,2,25072
4203,246655,2,3292
4204,246655,2,9827
4205,246655,2,1034681
4206,246655,2,1001657
4207,246655,1,9032
4208,47971,2,12835
4209,47971,2,1341
4210,47971,2,53975
4211,47971,2,1390948
4212,47971,2,1246972
4213,47971,2,57207
4214,47971,2,19961
4215,47971,2,3075
4216,47971,1,40256
4217,372058,2,225730
4218,372058,2,1369100
4219,372058,2,95767
4220,372058,2,91288
4221,372058,2,1668610
4222,372058,2,936275
4223,372058,2,1210634
4224,372058,2,1324666
4225,372058,1,74091
4226,115,2,1229
4227,115,2,1230
4228,115,2,884
4229,115,2,1231
4230,115,2,1232
4231,115,2,1233
4232,115,2,1234
4233,115,2,1235
4234,115,1,1223