catalog_id,movie_id,item_type_id,distributor_id,serial_number,wholesale cost
1,265177,2,5,890785732-6,5.75
2,11448,2,6,863642613-8,12.64
3,38718,1,4,562594668-X,13.28
4,210577,2,1,624398300-5,5.18
5,160588,1,6,637938173-2,7.65
6,278,2,4,427163628-2,13.70
7,33680,1,3,700234358-0,9.25
8,15206,2,3,187134717-3,12.70
9,93313,2,7,342862437-8,4.95
10,9390,1,8,221472161-4,13.84
11,8055,1,5,111770961-2,11.06
12,10784,2,3,197944805-1,7.25
13,10681,2,7,878379635-5,8.20
14,10774,2,4,802057619-3,4.98
15,408,2,2,616980519-6,12.96
16,2576,2,8,687842042-3,13.39
17,606,2,7,122346423-7,12.74
18,329865,1,3,990110483-1,8.65
19,220,2,6,094067349-5,6.14
20,41495,1,4,710790025-0,6.70
21,9576,2,7,485747783-1,9.48
22,43277,1,5,876709888-6,4.27
23,3019,2,4,681678852-4,9.84
24,346672,1,5,988124799-3,6.90
25,38805,2,5,675079724-5,11.76
26,42852,2,4,038006101-5,13.84
27,424,2,8,028689950-7,11.12
28,57834,2,2,662268666-1,5.92
29,7345,2,1,211217295-6,9.32
30,27367,1,5,895626102-4,7.13
31,4935,1,2,341977428-1,8.84
32,1879,1,6,129956236-1,10.26
33,47971,2,6,716895740-6,11.03
34,8055,1,8,656883861-6,13.72
35,25188,1,6,282843206-8,13.52
36,47971,2,4,535070674-8,12.36
37,24134,1,3,574375747-X,12.83
38,2118,1,6,555382425-7,9.60
39,38171,1,6,924017596-2,13.08
40,160588,2,4,851164337-0,14.15
41,331214,1,8,495170117-0,13.85
42,5143,1,3,116900147-5,7.43
43,792,1,4,966436043-0,10.47
44,5769,1,5,309010880-1,14.98
45,331214,2,2,137591367-0,13.20
46,625,1,3,810125668-7,4.12
47,293167,1,8,081773352-3,6.59
48,12493,2,3,344155506-6,9.21
49,25188,1,1,868472900-5,8.52
50,31662,1,3,174792750-3,10.02
51,47908,2,5,839097450-9,4.62
52,22881,2,3,252860324-X,9.38
53,43266,2,1,299509477-4,10.39
54,10322,1,4,098392137-7,13.65
55,992,1,8,621239945-X,10.91
56,599,1,5,243658241-6,9.02
57,429,1,5,872899012-9,9.07
58,381284,1,5,363208692-3,12.06
59,74643,1,5,785189082-9,6.18
60,10604,1,5,105261510-4,12.12
61,42731,1,5,780420121-4,13.15
62,1888,1,7,033736893-7,14.27
63,1407,2,2,275357327-1,14.93
64,590,1,8,405663144-1,6.75
65,746,2,3,354639382-1,9.09
66,17529,2,1,151924467-3,4.62
67,862,2,2,768290469-0,6.77
68,14710,2,7,104749507-4,12.31
69,73,1,1,960162265-9,6.75
70,18988,1,3,105412606-2,6.11
71,14710,2,4,810172011-1,14.28
72,14564,1,1,084164030-0,6.99
73,330459,2,1,283545588-4,12.50
74,314365,2,1,001183271-1,5.02
75,284293,2,2,337987554-6,4.02
76,10161,1,7,090249373-6,6.37
77,43266,2,3,183274708-5,8.74
78,903,2,2,599878521-5,7.57
79,15206,1,2,250794941-4,4.49
80,25673,1,2,603070688-8,9.62
81,16561,2,3,489686431-X,10.14
82,623,1,5,076969045-9,12.83
83,7345,2,5,629968835-1,7.64
84,967,2,3,186100203-3,13.98
85,947,1,7,447098524-4,9.87
86,55347,2,2,646959571-5,12.15
87,82695,2,8,691047517-8,4.47
88,31777,2,6,529957235-2,7.33
89,17641,2,3,707972843-6,5.47
90,27191,2,8,311059665-2,4.54
91,24167,1,6,058649798-6,11.30
92,306819,2,8,062229780-5,10.79
93,5179,2,6,066058389-5,10.42
94,25188,2,2,034844574-1,10.35
95,52362,2,1,939500112-7,14.35
96,11050,1,3,946601842-6,14.91
97,220,1,8,172538583-X,14.51
98,27854,1,5,994794651-7,6.65
99,856,1,7,002892964-0,12.29
100,4566,2,1,800039671-8,6.99
101,149871,2,8,549304228-2,5.49
102,1407,2,5,843731856-4,4.35
103,118340,1,4,626709359-X,9.63
104,1574,2,1,955567913-4,5.70
105,265177,1,7,212052507-2,7.35
106,50600,1,6,658225810-9,8.91
107,11202,2,5,621438984-2,6.93
108,84299,1,3,607445342-X,7.05
109,28285,1,7,194780194-5,8.53
110,856,2,8,811039660-7,13.67
111,266856,1,7,730434925-5,12.29
112,599,2,1,363082800-0,5.23
113,16442,1,6,679655961-4,14.17
114,5179,2,4,828195955-X,13.23
115,102384,1,5,559735198-2,9.71
116,42731,2,6,699203134-1,8.20
117,49047,2,5,467493715-9,6.36
118,388399,2,8,980366951-6,4.68
119,177572,1,6,620938196-0,6.98
120,228150,2,4,791905154-1,14.32
121,30177,1,6,388642260-7,5.67
122,15764,1,8,155122450-X,12.37
123,17917,2,3,754462052-2,9.22
124,1934,2,8,792853072-4,8.43
125,117,2,6,271863922-9,12.84
126,242582,1,1,461519934-1,10.27
127,4935,2,7,913497633-7,10.69
128,31777,2,8,872936507-4,6.70
129,55347,1,8,477906637-9,10.44
130,346672,2,6,958803651-8,9.64
131,50600,2,5,789551864-X,5.92
132,632,2,6,032070309-6,5.80
133,376867,2,5,538354719-3,11.53
134,11873,1,1,418434738-X,5.05
135,11448,2,7,147569188-2,12.93
136,37222,2,2,061889645-7,13.99
137,9806,1,8,162941530-8,13.07
138,10868,2,1,292850058-8,5.36
139,12493,2,2,276205992-5,13.05
140,981,2,7,252647487-6,9.87
141,25196,2,4,786646127-9,11.48
142,995,2,1,910419344-X,7.79
143,13,1,3,215377442-X,5.62
144,393729,1,1,156715328-3,9.59
145,16561,1,1,669610629-4,10.70
146,65550,1,4,909911363-3,4.61
147,857,1,1,938074818-3,13.17
148,11778,1,3,717278012-4,5.12
149,369557,1,2,158611623-1,12.39
150,11202,1,2,707819061-0,14.68
151,40842,1,1,926543752-9,7.73
152,4176,1,6,941000287-7,6.90
153,598,2,1,490499111-7,12.04
154,14537,1,4,109345458-X,4.37
155,992,1,1,750627718-2,6.18
156,296098,2,2,165659495-1,13.46
157,380,2,5,045924808-1,13.37
158,11694,1,5,514978689-6,9.34
159,274870,2,6,562764394-3,8.75
160,31662,2,1,699172269-3,6.69
161,293167,2,6,247893227-X,11.00
162,632,1,4,157428932-2,7.50
163,901,1,6,528839184-X,7.46
164,23383,1,8,325037103-3,11.71
165,23724,2,7,451084964-8,12.47
166,705,1,6,893205050-3,4.34
167,346672,1,6,147512879-7,5.42
168,197,1,3,159433229-0,11.99
169,891,1,4,901330008-1,4.64
170,69,2,3,781483599-2,9.87
171,150689,2,8,951702025-2,6.97
172,84274,2,3,939582742-4,9.30
173,74643,2,5,050505016-1,13.63
174,433,2,8,891645237-6,14.95
175,598,2,8,715063912-7,14.10
176,10633,2,2,159783265-0,13.54
177,567,2,8,984718326-0,5.50
178,42121,2,5,025298840-X,9.85
179,7863,1,2,163867747-6,13.42
180,346,1,8,513624450-X,13.93
181,381284,1,5,295326910-X,6.24
182,31052,1,7,516358242-9,5.60
183,70,1,7,623320327-9,6.42
184,55347,1,6,212411295-3,10.22
185,12405,1,1,400902052-0,4.99
186,331214,2,6,228685963-9,7.82
187,369557,1,1,364312183-0,7.37
188,45578,1,8,671912917-1,11.73
189,1366,2,5,978428653-X,12.37
190,15497,1,3,390830311-7,7.72
191,497,2,1,179273299-6,10.18
192,11694,1,3,583217602-2,9.23
193,43466,1,3,533143710-9,12.31
194,33364,1,8,964758308-7,9.64
195,40842,2,2,670321063-2,9.70
196,3558,2,4,772678084-3,11.31
197,11778,2,8,272931616-7,7.00
198,10139,2,2,686803157-2,11.30
199,76341,1,4,996277471-3,8.78
200,27191,1,6,110188325-1,13.93
201,590,2,3,649862807-3,4.24
202,32085,1,7,045685795-8,14.61
203,77338,1,1,819284388-2,4.12
204,25188,1,6,957903719-1,13.40
205,12162,2,6,740849971-7,10.57
206,393457,2,4,553370740-9,9.44
207,1725,1,2,302876230-7,11.67
208,11382,2,1,624648889-7,7.45
209,43103,1,5,259420567-2,14.32
210,14328,1,5,792358862-7,6.19
211,152532,1,1,184991226-2,6.68
212,122,1,4,441625591-8,13.08
213,12102,2,2,100752280-1,14.91
214,1162,2,8,469426303-X,13.44
215,32499,1,6,051082569-9,6.42
216,68718,1,4,274302754-1,14.58
217,43266,2,4,223714204-1,4.93
218,12493,1,2,309800887-3,7.25
219,83989,2,7,346869248-X,5.52
220,14564,2,1,996167466-9,4.31
221,281957,2,4,236512096-2,11.77
222,43266,1,8,634167806-1,14.72
223,131631,2,4,060859592-6,7.83
224,38953,2,6,024538536-3,4.91
225,599,1,6,340698838-5,7.45
226,623,2,7,853984272-6,12.73
227,45317,1,1,978743538-2,14.34
228,770,2,3,541287546-7,6.49
229,403,2,7,513932332-X,4.32
230,11293,2,5,241417574-5,5.73
231,1976,1,4,058555722-5,8.79
232,47908,2,4,602813780-4,8.28
233,197,1,5,825278920-X,9.12
234,606,2,6,597658888-3,6.53
235,11382,1,1,904349657-X,13.14
236,297761,2,8,721796617-5,13.70
237,33680,1,4,349315615-4,5.02
238,567,2,4,390766591-0,5.37
239,41206,1,5,441389303-4,7.32
240,3116,2,2,281284923-1,12.49
241,606,1,1,195503111-8,7.90
242,28145,2,8,335327407-3,6.15
243,47908,1,5,272983946-1,12.94
244,10193,1,8,915830102-X,4.41
245,595,1,4,145537740-6,13.94
246,238,2,7,534434015-X,9.74
247,122,2,8,886540939-8,6.94
248,808,2,1,930694533-7,9.87
249,9576,1,4,811062025-6,11.80
250,87827,2,4,907567089-3,6.90
251,11202,2,5,321343256-3,4.09
252,857,1,7,861131454-9,14.38
253,324786,2,3,509202143-8,6.12
254,9806,1,5,973258637-0,13.19
255,10774,1,6,127352468-3,11.64
256,590,2,2,476956218-7,8.36
257,14741,2,4,839807578-3,7.50
258,82693,2,8,519854571-6,13.79
259,5179,2,7,521968493-0,4.83
260,118889,2,2,076979181-6,5.93
261,242582,2,1,306584216-5,10.22
262,2289,2,7,849736438-4,14.86
263,8293,2,2,379715228-0,7.60
264,31662,2,6,080936460-3,8.12
265,2576,1,8,731537193-1,4.60
266,38772,2,6,020324009-X,13.24
267,356305,2,4,693277238-8,6.86
268,901,1,2,627389692-5,4.08
269,31662,1,2,992976268-X,13.07
270,4566,2,6,578754926-0,11.79
271,808,2,3,168632893-1,4.17
272,66027,1,5,887971452-X,10.09
273,47971,1,3,721199182-8,7.16
274,31777,2,1,970364526-7,6.89
275,104214,1,2,766464252-3,12.61
276,118340,1,8,006893867-5,7.81
277,11816,2,7,257436360-4,5.48
278,25188,1,6,627575196-7,4.24
279,369885,1,4,777045455-7,8.61
280,821,1,3,514373387-1,6.71
281,14328,2,6,915194643-2,9.06
282,396,2,2,151064227-7,9.56
283,504,2,2,360415764-1,6.70
284,31662,2,8,233903411-6,8.93
285,419430,1,3,030778022-8,4.17
286,85505,2,3,218634898-5,6.49
287,50014,2,6,541480819-8,6.69
288,47971,1,4,667127972-1,7.30
289,15121,1,8,029869254-6,11.19
290,703,1,8,987153799-9,8.75
291,981,2,6,882547500-4,14.43
292,87101,2,6,810464804-7,4.40
293,5052,2,3,458461965-4,7.57
294,7863,1,3,656558920-8,6.97
295,423,2,7,226257334-4,6.85
296,259316,2,4,706989539-9,10.59
297,12509,2,8,636688870-1,11.78
298,40842,1,2,481004383-5,10.36
299,87101,2,7,027859131-0,5.75
300,226,2,2,719513086-X,7.63
301,15206,2,3,896062143-9,4.86
302,947,1,1,151898194-1,11.35
303,11050,1,7,651647964-X,5.20
304,296098,2,4,403965247-9,14.39
305,369557,2,1,686773884-2,8.95
306,264644,2,8,732470433-6,5.58
307,19995,1,7,382461587-8,10.50
308,356305,1,6,767545371-9,6.42
309,149871,2,1,872654088-6,7.55
310,69,1,7,269425487-X,6.71
311,14,2,6,253438806-1,6.47
312,1810,1,4,499452424-6,8.96
313,33680,1,5,429974156-0,5.98
314,408,2,6,262555165-8,10.33
315,805,1,3,271197324-7,7.70
316,118889,2,2,689992680-6,11.16
317,68734,1,8,157986185-7,7.08
318,177572,2,4,874268440-4,4.65
319,1810,1,8,639918011-2,4.19
320,2039,2,6,809056670-7,10.37
321,205596,1,8,445023305-0,4.75
322,3087,2,4,739498369-2,14.00
323,10671,2,7,840294852-9,6.01
324,150540,1,3,123458113-2,9.69
325,140420,1,4,077221339-9,14.89
326,68440,2,2,468341814-2,8.81
327,17917,2,6,338415686-2,13.85
328,27854,1,1,469001768-9,11.77
329,150540,1,6,311327941-0,12.29
330,2289,2,7,493582672-X,7.27
331,311,1,8,856657732-9,10.03
332,10328,2,3,852782475-2,9.51
333,101,2,1,997101418-1,14.34
334,37247,2,4,885363459-6,10.48
335,981,1,6,656511048-4,6.09
336,118340,1,5,718891802-3,5.74
337,453,1,5,269129471-4,6.91
338,567,1,4,822142788-8,8.25
339,8055,2,1,474744215-4,14.76
340,1810,2,8,191465644-X,14.23
341,56135,1,3,719532173-8,7.00
342,33680,1,7,744997065-1,5.39
343,903,1,2,400917519-2,4.26
344,13,1,3,673042742-6,8.96
345,24167,2,7,865237809-6,12.52
346,32085,2,1,002585808-4,10.63
347,539,1,5,276330814-7,7.93
348,68734,1,1,148141464-X,10.39
349,2075,2,6,671668537-5,10.51
350,43896,1,3,403318131-8,6.95
351,275,1,6,417737164-5,14.92
352,10868,2,4,222474175-8,12.21
353,41495,2,7,804114238-9,13.52
354,376867,1,8,143143755-7,10.56
355,665,1,2,328864614-5,7.55
356,15206,2,5,468705253-3,8.77
357,1406,2,1,398792435-7,14.34
358,3087,2,2,708425169-3,13.84
359,522,1,8,317951208-3,14.45
360,122917,2,5,955291206-7,10.25
361,11113,1,8,947328808-5,10.82
362,43278,2,5,355138469-X,9.93
363,11787,1,5,848592057-0,6.06
364,295693,2,4,265647910-X,5.66
365,11216,2,7,101330467-5,11.37
366,356305,1,6,177562125-1,10.89
367,380,2,8,267905840-2,14.15
368,42861,1,5,524195602-6,4.37
369,5179,2,5,292984804-9,12.17
370,1888,1,8,787043066-8,13.16
371,68734,2,4,294394631-1,14.70
372,140420,1,8,778614254-1,4.22
373,346,1,7,556020956-2,11.89
374,12162,1,7,700843319-0,6.17
375,17281,1,8,634759217-7,13.92
376,11816,1,8,562452314-9,8.61
377,283366,1,8,226033451-2,13.41
378,11778,1,5,662815639-7,4.09
379,16769,2,2,167141424-1,11.35
380,118889,1,1,172067250-4,6.60
381,313106,1,3,078810088-2,13.06
382,11703,2,5,282947792-8,11.43
383,15497,1,8,150601295-7,7.11
384,9806,2,2,933633597-9,10.94
385,393729,2,3,733790789-3,5.38
386,43122,1,3,760354115-8,9.76
387,263115,1,3,236529942-3,8.56
388,226,2,3,187582391-3,12.19
389,40885,2,5,951444287-3,5.51
390,11881,1,8,903354149-1,4.72
391,28145,1,5,485329311-6,7.41
392,43516,2,2,826390834-5,12.19
393,55106,1,5,793093189-7,11.31
394,118872,1,6,608458206-0,11.74
395,398,1,1,390095494-1,6.56
396,623,1,4,189213433-0,14.09
397,140607,1,7,299773474-6,11.24
398,41495,2,1,103592163-4,5.70
399,42121,2,6,492272387-0,11.34
400,857,1,1,443926099-3,4.00
401,595,2,1,974625258-5,10.92
402,24748,2,8,951836472-9,4.56
403,278,1,5,814041768-8,14.86
404,356305,2,6,411574744-7,11.91
405,37222,2,1,560416483-6,13.53
406,42816,2,4,487543601-7,6.45
407,4566,1,5,538987154-5,6.18
408,293167,2,7,422774451-2,6.75
409,251,2,6,665051129-3,14.68
410,293167,1,4,086453346-2,11.89
411,55347,1,4,570336794-8,7.05
412,77338,1,6,094025471-9,6.69
413,284,2,5,450948100-4,8.00
414,246655,2,5,149165139-3,6.99
415,115,2,8,062133631-9,11.73
416,11541,2,2,685819620-X,10.81
417,14675,1,4,817081418-9,4.05
418,10322,1,5,070146595-6,11.54
419,42731,1,5,308403064-2,10.08
420,393457,1,6,735033988-7,5.16
421,56135,2,2,686637533-9,12.48
422,279,2,7,560271045-0,13.86
423,244786,2,8,373231516-9,14.05
424,122917,2,8,192735718-7,11.79
425,11816,1,6,114499669-4,4.17
426,50014,2,8,405894101-4,14.65
427,37658,1,5,366004053-3,12.62
428,54568,1,6,100824255-1,7.73
429,488,1,4,228888485-1,12.40
430,11426,1,7,759628786-7,11.84
431,388399,2,7,998072352-1,11.26
432,15927,1,2,251761924-7,4.78
433,3078,2,8,877236139-5,6.39
434,2769,2,3,116234670-1,5.54
435,2897,2,3,083219034-9,8.00
436,346672,1,3,378356297-X,10.02
437,149871,2,3,962390707-9,7.53
438,77744,1,7,200403130-1,7.60
439,52362,2,3,439678392-2,11.13
440,31662,2,1,617356875-6,5.63
441,10193,2,4,532919471-7,4.79
442,13665,2,4,054879167-8,5.24
443,1725,2,2,710204637-5,8.52
444,140607,1,5,785539871-6,4.75
445,143,1,4,512190629-3,6.08
446,807,2,2,994812678-5,13.97
447,462,2,5,426028791-5,11.43
448,77744,1,7,862294685-1,4.97
449,9390,2,6,225647798-3,7.46
450,23724,2,6,811161109-9,6.23
451,69,1,1,421509746-0,5.46
452,497,1,1,237852508-7,11.31
453,9390,1,1,457891942-0,11.68
454,150689,1,7,664008609-3,8.29
455,2289,2,4,205056332-9,4.70
456,10633,2,1,465957868-2,5.63
457,595,1,7,217698510-9,10.89
458,43103,1,5,054881175-X,12.43
459,37247,1,4,268463761-X,4.25
460,9277,1,3,856149427-1,12.39
461,24748,1,8,175065135-1,7.19
462,83989,2,2,779906090-5,12.45
463,66027,1,1,854727445-6,5.80
464,770,1,6,185795426-2,10.27
465,17917,2,4,224745959-5,7.73
466,11016,2,4,531563006-4,14.23
467,981,2,6,625524213-7,13.66
468,12405,2,4,418585434-X,11.18
469,1366,2,1,548909605-5,13.12
470,242582,2,4,055037839-1,10.52
471,17529,1,1,543223620-6,4.76
472,981,2,3,822343760-0,5.05
473,15764,1,5,502984809-6,8.72
474,251,2,4,597366320-5,6.81
475,488,1,4,645171454-2,14.44
476,6977,2,5,448523510-6,12.92
477,1366,1,5,971127444-2,14.43
478,2438,1,1,893690016-1,5.93
479,42448,1,5,709707918-5,5.26
480,210577,1,7,830295718-6,14.58
481,293167,1,2,714461147-X,10.02
482,13,1,5,214794446-7,9.91
483,2438,2,7,432744472-3,10.10
484,128,1,6,890291197-7,10.70
485,856,2,6,487578998-X,7.34
486,78734,2,2,992800894-9,6.95
487,135397,1,6,552225353-3,12.34
488,821,1,7,964372581-2,8.96
489,72976,2,6,618930454-0,13.67
490,770,1,6,768105554-1,10.94
491,654,1,2,106811333-2,7.16
492,792,2,4,684814710-9,14.15
493,122,2,2,745203506-2,7.18
494,3109,2,8,500641643-2,14.93
495,42448,1,4,887913130-3,12.17
496,12162,2,8,580234496-2,14.34
497,22,1,4,195428009-2,8.67
498,43386,2,1,235616850-8,4.86
499,623,1,3,449918164-X,11.26
500,10681,1,2,834039628-5,10.98
501,209112,2,1,368212799-2,12.58
502,2757,1,3,959833621-2,14.40
503,50600,1,3,849772585-9,10.24
504,18254,1,5,898620115-1,8.96
505,220,1,5,737022071-0,4.40
506,408,2,4,649279019-7,4.55
507,805,2,1,411064986-2,12.91
508,220,1,1,691017641-3,13.82
509,122,2,3,942162182-4,5.59
510,24807,2,7,186554201-6,9.51
511,780,1,5,145355039-9,12.27
512,16515,1,4,091769383-3,11.74
513,22881,2,4,809149961-2,13.29
514,1985,2,2,875315851-2,12.13
515,9665,2,2,660617139-3,11.47
516,15919,1,8,325114971-7,4.14
517,11787,2,2,271313362-9,6.28
518,76203,2,1,058648120-6,4.58
519,489,2,5,263267548-0,14.19
520,16869,2,4,591528076-5,14.89
521,13528,2,5,289756882-8,8.61
522,25430,2,6,660733125-4,14.81
523,1366,1,7,526058551-8,10.90
524,43466,1,2,439818941-6,11.05
525,11016,2,2,050908541-5,13.40
526,2623,2,7,820435344-8,8.55
527,44896,2,3,776150467-9,9.22
528,37222,2,1,404779424-4,14.61
529,901,1,7,600326657-0,7.77
530,381284,2,2,490886886-7,11.18
531,11113,2,7,075967794-8,7.61
532,14710,1,3,036416765-3,12.65
533,142,2,6,941584298-9,12.38
534,41206,1,8,191589895-1,14.07
535,56164,2,6,452581619-8,7.92
536,451,2,7,722319219-4,7.00
537,44214,2,8,048245350-8,5.57
538,346672,2,4,617002104-7,11.29
539,74643,1,8,341673229-4,6.86
540,197,2,7,964255674-X,11.99
541,82695,1,2,387037016-5,9.77
542,244786,1,7,892113602-9,4.05
543,38772,1,7,289798750-2,6.72
544,31052,1,2,671301304-X,14.22
545,25673,1,2,765117640-5,14.04
546,17529,2,4,267884044-1,7.31
547,28289,1,7,090856467-8,12.21
548,293167,2,6,677626183-0,4.30
549,2897,2,3,739265542-6,5.28
550,266856,2,2,123855065-7,4.91
551,315837,1,8,477046282-4,10.20
552,43386,1,6,023867856-3,8.72
553,38805,1,7,844873149-2,13.81
554,3116,2,5,107164661-3,10.87
555,1578,2,2,466207186-0,11.74
556,1888,1,8,967466135-2,5.56
557,313106,1,8,291544631-8,9.55
558,313106,2,7,241849761-5,12.96
559,11778,2,3,963606235-8,5.35
560,43277,2,7,547395134-1,12.40
561,1162,1,7,461135374-5,4.66
562,581,1,6,611979695-9,10.67
563,19542,2,3,371721665-1,13.25
564,209112,2,7,815738894-5,6.74
565,38718,2,3,004438139-5,6.68
566,16520,2,5,196940736-0,7.97
567,17661,1,3,736441419-3,4.84
568,11293,1,5,936776273-9,11.93
569,11016,1,1,774661838-3,12.09
570,981,2,7,144798521-4,9.15
571,245891,1,3,407561621-5,12.67
572,28966,2,4,826630972-8,13.41
573,28145,2,8,751173261-5,11.32
574,69,2,3,660082888-9,13.39
575,118340,2,3,246059215-9,10.27
576,393457,2,2,805571205-0,14.37
577,5503,2,7,713040206-7,13.62
578,57834,2,3,917967055-5,13.71
579,25793,1,6,396489470-2,14.40
580,11778,1,7,071985655-8,12.71
581,85350,1,3,987467576-4,12.70
582,805,2,1,146918370-6,9.22
583,211672,1,8,299042119-X,7.88
584,14,2,7,221014965-7,14.21
585,581,1,3,352930608-8,5.56
586,41495,1,2,847054737-2,6.89
587,4566,2,4,889788212-9,13.75
588,372058,2,2,718021653-4,14.60
589,41495,1,1,852440310-1,9.60
590,30177,1,1,881743429-9,6.98
591,24481,1,8,791150065-7,13.65
592,77338,2,3,988317969-3,12.84
593,135397,1,6,317952667-X,6.34
594,66027,1,2,338356851-2,13.57
595,11778,1,7,581218036-9,6.26
596,44896,2,1,676094410-0,10.62
597,874,1,1,708253756-5,13.89
598,38718,1,3,250363912-7,13.02
599,947,1,2,991096724-3,7.43
600,598,2,7,109918563-7,8.39
601,4935,1,7,549647092-7,4.27
602,625,2,1,941286549-X,6.38
603,780,1,4,648810675-9,10.10
604,84295,1,3,071953780-0,8.69
605,140420,2,8,291327190-1,11.50
606,805,2,8,360600269-6,9.00
607,14741,1,7,204870885-4,8.46
608,804,2,6,636579473-8,13.79
609,3309,1,4,272847469-9,5.91
610,453,1,5,578840404-5,4.67
611,22,2,5,735318844-8,7.37
612,369885,1,2,939528059-X,12.07
613,28978,2,4,665153321-5,5.67
614,31121,2,7,328978306-5,4.76
615,68718,1,1,540947254-3,10.40
616,210577,1,1,229440329-0,10.94
617,11778,1,8,995827675-5,13.84
618,25196,2,4,702231920-0,13.58
619,306819,2,8,217955358-7,5.51
620,28285,2,3,903842523-6,11.75
621,259316,2,4,321670404-1,6.50
622,210577,1,4,122514371-3,11.97
623,14741,2,6,855482212-9,9.88
624,122,2,7,202834973-5,4.89
625,38714,1,2,598078688-0,10.09
626,393729,2,2,947185497-0,7.80
627,269149,1,8,185220709-4,7.99
628,22,1,7,468757039-9,7.04
629,408,1,7,715506025-9,4.04
630,11462,1,5,141422676-4,6.58
631,874,2,3,388160224-0,10.05
632,9800,1,6,331073809-4,14.41
633,567,1,3,292462611-0,7.70
634,2062,1,1,019181851-8,7.96
635,3082,1,8,332534212-4,4.14
636,135397,2,1,964104971-2,11.48
637,356305,2,2,924721597-8,12.53
638,32499,1,7,074046354-3,4.81
639,274,1,4,981178802-2,8.30
640,11,1,4,742788864-2,14.16
641,118889,2,3,391387618-9,13.48
642,3116,2,4,341641696-1,11.63
643,42816,2,4,125672307-X,4.94
644,1900,1,8,626368098-9,14.45
645,71688,2,2,665773924-9,11.33
646,3090,1,7,569615769-6,11.45
647,1578,2,6,437769699-8,8.45
648,44896,1,4,659899188-9,11.46
649,395992,2,7,754243861-1,12.01
650,15497,1,5,242951337-4,6.43
651,665,1,4,452394811-9,9.08
652,1934,1,7,055604275-1,8.88
653,259316,2,4,432108873-9,12.35
654,33667,1,7,526378884-3,9.73
655,72976,2,1,961445594-2,4.54
656,1677,2,5,334799857-X,14.01
657,462,2,6,732202167-3,10.55
658,826,1,8,083253201-0,12.59
659,702,2,1,287948032-9,11.74
660,1725,1,2,477209601-9,8.03
661,2757,1,1,497638744-5,12.53
662,11382,1,5,645764785-5,7.10
663,10161,2,5,898415695-7,9.71
664,87101,1,3,273444989-7,5.01
665,43896,1,2,835268287-3,13.30
666,874,2,8,272404888-1,10.81
667,15206,2,3,888038104-0,6.68
668,27191,1,6,170433749-6,12.69
669,77338,2,8,817001769-6,11.01
670,37247,2,7,265654321-5,8.94
671,93313,1,5,233035881-4,9.00
672,43122,1,2,587278303-5,12.64
673,10681,2,7,600208347-2,11.25
674,38953,1,1,084905398-6,7.00
675,14710,2,3,794751497-6,13.70
676,10604,1,5,615218901-2,5.79
677,325553,2,1,639266096-8,13.42
678,388399,1,4,569917347-1,12.09
679,403,2,5,649048376-9,11.58
680,11293,1,1,255756124-X,4.88
681,5503,2,3,815499593-X,11.85
682,702,1,1,329637667-4,14.74
683,295693,2,1,400045068-9,13.33
684,11016,1,3,980549373-3,14.48
685,705,2,4,176639781-6,9.80
686,598,1,7,555049482-5,6.51
687,1985,2,3,667642505-X,7.06
688,44214,2,8,957895798-X,11.70
689,43122,2,3,658114090-2,8.09
690,11293,2,5,931357157-9,9.45
691,2769,1,4,928324406-0,6.76
692,306819,1,5,339082836-2,13.61
693,770,2,8,390570362-9,7.11
694,10868,2,3,103898749-0,6.24
695,395992,2,7,082148859-7,7.28
696,13,1,6,020004452-4,5.43
697,11881,1,7,463776168-9,6.41
698,69,1,8,264035029-3,10.64
699,42222,1,1,267412316-8,5.60
700,14,1,2,439402543-5,6.99
701,16561,1,1,793274743-0,4.79
702,14,2,8,853481546-1,8.82
703,121856,1,2,596439724-7,11.81
704,149871,2,2,018789033-1,8.79
705,372058,1,3,195967465-X,14.68
706,43466,2,5,680752528-1,6.35
707,43516,2,7,032843827-8,12.10
708,84299,2,5,655850152-X,14.90
709,43516,2,6,699506171-3,10.80
710,211672,2,6,299996267-3,9.59
711,313369,1,5,201063240-0,7.99
712,24481,1,4,777564144-4,10.25
713,31657,1,3,825659691-0,10.71
714,3078,2,2,601355506-0,7.82
715,2034,2,2,520269877-1,8.95
716,11050,2,3,945695462-5,11.52
717,42222,1,5,855801132-X,14.28
718,10633,1,1,609780365-6,8.84
719,279,1,1,894974908-4,8.23
720,98,1,2,497174929-2,8.33
721,770,1,5,721955226-2,6.58
722,598,2,4,917393796-7,13.76
723,38718,1,3,730500836-2,8.87
724,194662,2,6,450553998-9,11.88
725,981,2,7,277568101-8,4.15
726,245891,1,7,405136335-X,8.91
727,76341,2,3,443940939-3,14.59
728,5179,2,7,702421367-1,7.98
729,85504,1,4,902024851-0,9.68
730,2039,2,7,463254067-6,10.93
731,8055,1,7,177767409-3,14.20
732,805,1,5,401707895-8,8.96
733,891,1,6,094048528-1,11.23
734,393729,1,3,732624737-4,14.98
735,687,1,5,835942223-0,5.85
736,43266,1,4,368652132-6,10.01
737,1574,2,1,481789278-1,8.69
738,746,2,3,209904867-3,14.25
739,43516,1,8,136481280-0,4.11
740,311324,2,2,410639931-8,7.46
741,497,1,4,989995224-9,11.47
742,7345,2,5,054588580-9,5.74
743,372058,2,1,854962729-1,14.53
744,283366,2,3,611466178-8,14.18
745,69,1,8,496725735-6,10.49
746,597,1,1,313637757-5,12.58
747,629,2,3,222911575-8,7.61
748,84299,1,8,902608215-0,5.75
749,24134,2,8,658532378-5,5.06
750,274,1,1,683684924-3,5.69
751,11873,2,5,474075369-3,12.65
752,3309,2,3,346034899-2,11.83
753,10784,1,7,903925389-7,9.87
754,16561,1,8,878399620-6,9.93
755,293660,2,2,741907080-6,4.33
756,1578,1,3,866854724-0,9.92
757,1407,2,3,252719027-8,9.33
758,11787,1,6,451595109-2,14.54
759,11881,1,8,840254589-0,4.97
760,42731,1,3,182829248-6,9.07
761,104214,2,4,654590343-8,12.45
762,283366,1,1,949058580-7,9.04
763,152532,1,8,944850987-1,9.85
764,975,1,3,589481795-1,14.47
765,29146,1,4,059794412-1,12.45
766,16869,2,4,745227023-1,12.88
767,17917,1,6,726127753-3,12.46
768,104214,1,1,143730027-8,9.04
769,45269,2,2,473335508-4,11.91
770,914,1,4,026774163-4,8.24
771,118889,2,7,327803045-1,6.97
772,198663,1,2,142005553-4,14.39
773,84274,1,7,696492234-2,12.45
774,9806,2,1,665761880-8,8.05
775,12102,1,5,328735882-0,13.51
776,50014,1,2,157726722-2,8.59
777,11426,2,1,276821299-7,10.29
778,2897,1,4,874064335-2,12.62
779,1051,1,5,299860307-6,10.81
780,12405,1,4,295725887-0,5.81
781,155,2,3,688133626-8,12.39
782,140420,2,6,537456802-7,14.93
783,11382,1,6,449678308-8,10.52
784,398,2,8,983482969-8,10.12
785,76203,2,7,645653195-0,6.46
786,16769,2,4,015736411-9,14.89
787,1406,2,2,571822355-6,12.56
788,1578,1,7,011739847-0,12.32
789,2769,2,1,096797766-5,13.73
790,127380,2,5,438988674-6,12.19
791,10328,2,6,506633034-8,4.95
792,102899,2,8,722544292-9,4.92
793,15927,1,8,174082953-0,7.95
794,69605,1,5,313165875-4,9.00
795,43896,2,6,913707006-1,12.67
796,16769,1,7,904686750-1,5.63
797,251,1,7,230973252-4,6.57
798,11889,2,5,147284387-8,5.53
799,769,1,3,204666040-4,5.59
800,11787,2,6,297877280-8,6.42
801,28978,1,3,657717796-1,6.90
802,399106,2,5,828386660-5,6.80
803,118340,1,1,051195720-3,4.52
804,25430,1,8,267495325-X,8.78
805,3090,1,7,028909189-6,11.78
806,1891,2,6,078418607-3,9.59
807,70,1,1,739090372-4,8.87
808,462,2,1,900240709-2,9.48
809,242582,1,3,065643141-5,11.72
810,99861,1,8,656204683-1,14.84
811,25673,2,4,718782074-7,11.01
812,15206,1,7,741370063-8,10.61
813,11881,2,4,952862632-7,12.48
814,325553,2,7,448758168-0,14.46
815,12501,1,5,354779525-7,11.03
816,211672,1,5,848907704-5,6.91
817,12405,1,4,250959065-0,10.35
818,42852,1,5,959198765-X,9.14
819,12501,1,3,933460371-2,11.83
820,5052,2,3,800410840-7,13.81
821,24134,2,4,426899320-7,5.57
822,82474,1,4,185835496-X,8.26
823,325553,2,4,258146362-7,10.77
824,856,1,6,112847828-5,7.84
825,150689,1,7,595971298-9,9.79
826,23383,1,4,093019235-4,7.73
827,346,2,3,663784588-4,5.60
828,80616,2,3,023300283-9,6.65
829,68718,1,1,059981360-1,4.82
830,11202,1,1,535462241-7,9.58
831,6977,2,1,241695555-1,5.54
832,376867,2,2,230623510-4,6.83
833,66027,2,2,000926058-7,11.02
834,424,2,4,696277654-3,10.22
835,3116,1,8,217654731-4,14.08
836,197,1,1,980644056-0,6.45
837,2897,1,2,534371549-4,6.31
838,967,2,5,268135963-5,8.12
839,129,1,7,282730918-1,8.97
840,1810,2,4,170774791-1,12.52
841,210577,1,2,275207417-4,13.39
842,5179,2,4,976407663-7,11.94
843,33364,2,1,679843651-X,5.67
844,3109,1,1,233049600-1,8.67
845,862,1,7,471992932-X,12.51
846,862,2,1,257491660-3,11.98
847,702,1,2,178667090-9,6.17
848,117,1,6,511534322-3,12.57
849,157336,2,1,002488088-4,12.09
850,11462,2,6,000091792-3,10.59
851,623,2,5,148329866-3,7.32
852,330459,2,4,009681269-9,14.21
853,28966,2,1,802440756-6,13.82
854,3078,2,5,628467595-X,7.23
855,28571,2,5,520918885-X,7.03
856,1725,1,3,512690520-1,6.22
857,462,2,1,877034748-4,13.93
858,11816,2,4,057493917-2,6.50
859,84274,1,5,764876739-2,9.89
860,330459,1,4,987264452-7,9.83
861,99861,2,6,313415225-8,8.43
862,334541,1,5,183710994-X,8.68
863,489,2,6,331343602-1,10.41
864,127380,2,3,102266013-6,8.32
865,28289,1,6,749555052-X,5.29
866,14564,2,8,720729602-9,14.02
867,99861,1,4,948913559-3,14.00
868,17529,1,7,304764140-4,13.32
869,87101,1,1,166021501-3,7.41
870,24167,2,4,335485928-8,7.48
871,274,1,7,565777507-4,6.14
872,31662,1,7,357469174-2,6.54
873,334541,2,7,233726972-8,7.13
874,25793,2,3,563876571-9,4.57
875,313369,1,6,111074647-4,5.78
876,581,1,6,971957876-9,8.25
877,284052,1,2,368273006-0,13.59
878,3090,2,6,937049179-1,10.26
879,11816,2,8,935729844-4,9.50
880,15206,2,7,961970563-7,4.95
881,325553,1,5,765847013-9,6.71
882,25793,1,6,701816841-4,9.05
883,31052,1,2,690810527-X,10.87
884,11216,2,4,579531448-X,6.25
885,5052,1,1,337707718-9,10.63
886,220,1,3,182253347-3,9.89
887,43136,2,5,596638291-3,10.19
888,19542,2,3,637492359-6,4.19
889,17661,1,3,439855652-4,5.22
890,18148,1,2,132933976-2,10.11
891,43266,1,7,677752029-5,9.70
892,15206,2,8,441063842-4,12.25
893,29592,2,6,916756816-5,13.46
894,284,2,4,206698060-9,8.67
895,25793,2,4,593330852-8,12.52
896,15121,1,5,264047419-7,6.69
897,76203,1,2,482139519-3,12.90
898,388399,2,1,871699285-7,11.14
899,13,2,5,773037694-6,6.50
900,489,1,6,386303115-6,7.50
901,52362,2,5,297909263-0,5.13
902,533,1,1,754942790-9,7.37
903,11889,2,5,815642790-4,10.72
904,43386,1,2,881874520-4,9.34
905,1162,1,2,811394854-6,8.92
906,22013,1,1,411484189-X,12.80
907,68718,2,8,106800852-0,10.42
908,16085,2,5,710922034-6,6.91
909,68440,2,7,328395046-6,9.50
910,324786,2,2,613675828-8,14.53
911,42852,2,4,516044688-5,6.59
912,9390,1,2,157235979-X,14.18
913,11778,2,8,387939003-7,8.69
914,2438,2,5,781212195-X,6.89
915,11016,1,5,131747833-9,10.70
916,76341,2,5,032733818-0,8.51
917,24748,1,4,617672155-5,8.97
918,24167,1,2,546965401-X,6.02
919,28580,2,4,024549513-4,9.07
920,297761,2,4,186148545-X,5.00
921,629,2,3,827208002-8,14.23
922,19995,1,3,522617598-1,12.28
923,42816,1,4,535441221-8,13.84
924,14741,1,6,403891022-9,7.84
925,265177,2,1,773713866-8,9.78
926,115,1,6,223508838-4,6.10
927,72976,2,1,473609889-9,9.83
928,16153,1,3,645449819-0,10.58
929,16515,2,3,054765563-0,9.76
930,263115,1,7,643765406-6,13.76
931,62000,2,5,078167886-2,4.34
932,76203,2,1,442535139-8,14.59
933,38171,1,2,471281858-1,5.06
934,28978,1,2,641320899-6,5.07
935,1523,2,4,080808380-5,12.80
936,2118,1,8,260432979-4,9.19
937,14675,2,7,055219178-7,7.92
938,408,1,2,294874219-6,4.94
939,31052,1,7,181999818-5,7.68
940,567,2,6,732498550-5,11.42
941,903,2,1,278682758-2,7.83
942,409,1,8,096003097-2,13.43
943,293660,1,1,677053483-5,12.07
944,14710,1,8,920616971-8,4.16
945,1810,1,7,276561440-7,4.89
946,17281,2,8,732238750-3,4.64
947,1162,1,7,967093700-0,10.93
948,259316,2,7,472371759-5,8.77
949,17641,2,3,734155027-9,12.83
950,10671,2,2,299292833-X,9.98
951,197,1,3,437576431-7,4.53
952,32085,1,5,509726706-0,13.47
953,264644,2,8,073095740-3,8.05
954,1523,1,7,185888298-2,5.89
955,150689,1,7,855983604-7,10.60
956,1715,1,7,310683425-0,9.71
957,10193,2,3,630792346-6,7.08
958,44214,2,5,549173992-8,13.58
959,85505,1,5,723100968-9,10.50
960,4566,1,4,468626831-1,5.32
961,43266,1,5,277169238-4,7.35
962,10673,1,7,214284269-0,11.13
963,245891,2,1,587906857-9,11.81
964,11202,2,4,842555309-1,14.71
965,29592,2,3,407892691-6,12.75
966,5143,2,8,373877235-9,12.39
967,9277,1,4,563615894-7,6.51
968,522,1,1,428276971-8,11.24
969,242582,1,4,966278018-1,10.31
970,238,2,6,415602917-4,14.46
971,32085,1,5,054838257-3,13.73
972,68718,2,7,413699662-4,7.15
973,393729,1,5,507736566-0,9.52
974,7345,1,5,552873785-0,10.28
975,37853,1,6,821306731-2,14.61
976,12,2,7,359346147-1,14.24
977,590,1,1,887973162-9,8.54
978,297761,2,3,194247954-9,8.37
979,13,2,4,700094215-0,11.46
980,14741,2,8,291268188-X,7.63
981,149871,2,4,515645891-2,14.35
982,629,1,3,600386144-4,8.98
983,9665,1,2,197326793-4,5.15
984,93313,1,3,593386855-8,6.54
985,16869,2,5,998522456-6,5.00
986,16515,1,1,290089549-9,12.44
987,76341,2,5,986179280-5,8.65
988,324786,2,2,452463145-3,8.91
989,160588,2,5,545718507-9,14.91
990,152532,1,1,865678123-5,4.21
991,42390,2,4,847275548-7,8.64
992,33632,1,5,452289878-9,8.22
993,284052,2,6,709589450-7,11.42
994,862,2,3,840847020-5,8.10
995,550,1,6,895566429-X,8.48
996,11426,1,7,783865452-1,9.27
997,38714,1,4,580520917-9,11.71
998,121856,2,6,464603922-2,13.97
999,115,2,2,252876637-8,9.45
1000,550,2,8,740291308-2,14.21
1001,15919,2,5,890785732-6,5.75
1002,14675,2,6,863642613-8,12.64
1003,403,1,4,562594668-X,13.28
1004,1059,2,1,624398300-5,5.18
1005,11426,1,6,637938173-2,7.65
1006,238,2,4,427163628-2,13.70
1007,223,1,3,700234358-0,9.25
1008,43466,2,3,187134717-3,12.70
1009,27205,2,7,342862437-8,4.95
1010,76341,1,8,221472161-4,13.84
1011,804,1,5,111770961-2,11.06
1012,274870,2,3,197944805-1,7.25
1013,9443,2,7,878379635-5,8.20
1014,31121,2,4,802057619-3,4.98
1015,488,2,2,616980519-6,12.96
1016,30177,2,8,687842042-3,13.39
1017,45317,2,7,122346423-7,12.74
1018,398,1,3,990110483-1,8.65
1019,62000,2,6,094067349-5,6.14
1020,54568,1,4,710790025-0,6.70
1021,1125,2,7,485747783-1,9.48
1022,245891,1,5,876709888-6,4.27
1023,10139,2,4,681678852-4,9.84
1024,369557,1,5,988124799-3,6.90
1025,12102,2,5,675079724-5,11.76
1026,8293,2,4,038006101-5,13.84
1027,43386,2,8,028689950-7,11.12
1028,395992,2,2,662268666-1,5.92
1029,914,2,1,211217295-6,9.32
1030,2897,1,5,895626102-4,7.13
1031,567,1,2,341977428-1,8.84
1032,43516,1,6,129956236-1,10.26
1033,4176,2,6,716895740-6,11.03
1034,278,1,8,656883861-6,13.72
1035,1406,1,6,282843206-8,13.52
1036,2034,2,4,535070674-8,12.36
1037,16561,1,3,574375747-X,12.83
1038,2034,1,6,555382425-7,9.60
1039,68440,1,6,924017596-2,13.08
1040,11694,2,4,851164337-0,14.15
1041,7863,1,8,495170117-0,13.85
1042,857,1,3,116900147-5,7.43
1043,12493,1,4,966436043-0,10.47
1044,82693,1,5,309010880-1,14.98
1045,1365,2,2,137591367-0,13.20
1046,11216,1,3,810125668-7,4.12
1047,1422,1,8,081773352-3,6.59
1048,118340,2,3,344155506-6,9.21
1049,637,1,1,868472900-5,8.52
1050,914,1,3,174792750-3,10.02
1051,1640,2,5,839097450-9,4.62
1052,623,2,3,252860324-X,9.38
1053,10328,2,1,299509477-4,10.39
1054,598,1,4,098392137-7,13.65
1055,567,1,8,621239945-X,10.91
1056,331214,1,5,243658241-6,9.02
1057,15497,1,5,872899012-9,9.07
1058,16769,1,5,363208692-3,12.06
1059,56164,1,5,785189082-9,6.18
1060,399106,1,5,105261510-4,12.12
1061,805,1,5,780420121-4,13.15
1062,3116,1,7,033736893-7,14.27
1063,263115,2,2,275357327-1,14.93
1064,28289,1,8,405663144-1,6.75
1065,539,2,3,354639382-1,9.09
1066,466,2,1,151924467-3,4.62
1067,5038,2,2,768290469-0,6.77
1068,43266,2,7,104749507-4,12.31
1069,44214,1,1,960162265-9,6.75
1070,12162,1,3,105412606-2,6.11
1071,115,2,4,810172011-1,14.28
1072,57834,1,1,084164030-0,6.99
1073,38772,2,1,283545588-4,12.50
1074,11541,2,1,001183271-1,5.02
1075,2576,2,2,337987554-6,4.02
1076,42731,1,7,090249373-6,6.37
1077,10161,2,3,183274708-5,8.74
1078,510,2,2,599878521-5,7.57
1079,12,1,2,250794941-4,4.49
1080,1406,1,2,603070688-8,9.62
1081,522,2,3,489686431-X,10.14
1082,69605,1,5,076969045-9,12.83
1083,1976,2,5,629968835-1,7.64
1084,1900,2,3,186100203-3,13.98
1085,24807,1,7,447098524-4,9.87
1086,419430,2,2,646959571-5,12.15
1087,66027,2,8,691047517-8,4.47
1088,85504,2,6,529957235-2,7.33
1089,1165,2,3,707972843-6,5.47
1090,1523,2,8,311059665-2,4.54
1091,408,1,6,058649798-6,11.30
1092,2034,2,8,062229780-5,10.79
1093,11216,2,6,066058389-5,10.42
1094,314365,2,2,034844574-1,10.35
1095,9475,2,1,939500112-7,14.35
1096,16085,1,3,946601842-6,14.91
1097,274870,1,8,172538583-X,14.51
1098,38772,1,5,994794651-7,6.65
1099,1165,1,7,002892964-0,12.29
1100,856,2,1,800039671-8,6.99
1101,22,2,8,549304228-2,5.49
1102,31662,2,5,843731856-4,4.35
1103,62000,1,4,626709359-X,9.63
1104,488,2,1,955567913-4,5.70
1105,16520,1,7,212052507-2,7.35
1106,43516,1,6,658225810-9,8.91
1107,47908,2,5,621438984-2,6.93
1108,43122,1,3,607445342-X,7.05
1109,55106,1,7,194780194-5,8.53
1110,409,2,8,811039660-7,13.67
1111,33364,1,7,730434925-5,12.29
1112,47971,2,1,363082800-0,5.23
1113,118340,1,6,679655961-4,14.17
1114,28285,2,4,828195955-X,13.23
1115,11426,1,5,559735198-2,9.71
1116,11202,2,6,699203134-1,8.20
1117,389,2,5,467493715-9,6.36
1118,240,2,8,980366951-6,4.68
1119,42731,1,6,620938196-0,6.98
1120,49047,2,4,791905154-1,14.32
1121,14675,1,6,388642260-7,5.67
1122,315837,1,8,155122450-X,12.37
1123,10139,2,3,754462052-2,9.22
1124,11202,2,8,792853072-4,8.43
1125,38718,2,6,271863922-9,12.84
1126,27367,1,1,461519934-1,10.27
1127,99861,2,7,913497633-7,10.69
1128,462,2,8,872936507-4,6.70
1129,42731,1,8,477906637-9,10.44
1130,43277,2,6,958803651-8,9.64
1131,9665,2,5,789551864-X,5.92
1132,32499,2,6,032070309-6,5.80
1133,275,2,5,538354719-3,11.53
1134,5179,1,1,418434738-X,5.05
1135,27367,2,7,147569188-2,12.93
1136,69605,2,2,061889645-7,13.99
1137,567,1,8,162941530-8,13.07
1138,72976,2,1,292850058-8,5.36
1139,2039,2,2,276205992-5,13.05
1140,16085,2,7,252647487-6,9.87
1141,80708,2,4,786646127-9,11.48
1142,399106,2,1,910419344-X,7.79
1143,265177,1,3,215377442-X,5.62
1144,2567,1,1,156715328-3,9.59
1145,69605,1,1,669610629-4,10.70
1146,595,1,4,909911363-3,4.61
1147,16520,1,1,938074818-3,13.17
1148,42121,1,3,717278012-4,5.12
1149,27367,1,2,158611623-1,12.39
1150,293167,1,2,707819061-0,14.68
1151,5503,1,1,926543752-9,7.73
1152,43266,1,6,941000287-7,6.90
1153,36652,2,1,490499111-7,12.04
1154,325553,1,4,109345458-X,4.37
1155,1900,1,1,750627718-2,6.18
1156,150540,2,2,165659495-1,13.46
1157,24167,2,5,045924808-1,13.37
1158,50014,1,5,514978689-6,9.34
1159,12311,2,6,562764394-3,8.75
1160,369557,2,1,699172269-3,6.69
1161,857,2,6,247893227-X,11.00
1162,44896,1,4,157428932-2,7.50
1163,43266,1,6,528839184-X,7.46
1164,118889,1,8,325037103-3,11.71
1165,52679,2,7,451084964-8,12.47
1166,33,1,6,893205050-3,4.34
1167,62000,1,6,147512879-7,5.42
1168,637,1,3,159433229-0,11.99
1169,3116,1,4,901330008-1,4.64
1170,3109,2,3,781483599-2,9.87
1171,160588,2,8,951702025-2,6.97
1172,74469,2,3,939582742-4,9.30
1173,381284,2,5,050505016-1,13.63
1174,11050,2,8,891645237-6,14.95
1175,596,2,8,715063912-7,14.10
1176,623,2,2,159783265-0,13.54
1177,34689,2,8,984718326-0,5.50
1178,101,2,5,025298840-X,9.85
1179,10633,1,2,163867747-6,13.42
1180,16769,1,8,513624450-X,13.93
1181,85505,1,5,295326910-X,6.24
1182,129,1,7,516358242-9,5.60
1183,1934,1,7,623320327-9,6.42
1184,28978,1,6,212411295-3,10.22
1185,5143,1,1,400902052-0,4.99
1186,10774,2,6,228685963-9,7.82
1187,223,1,1,364312183-0,7.37
1188,98,1,8,671912917-1,11.73
1189,1162,2,5,978428653-X,12.37
1190,713,1,3,390830311-7,7.72
1191,10633,2,1,179273299-6,10.18
1192,522,1,3,583217602-2,9.23
1193,381284,1,3,533143710-9,12.31
1194,14741,1,8,964758308-7,9.64
1195,150689,2,2,670321063-2,9.70
1196,42816,2,4,772678084-3,11.31
1197,629,2,8,272931616-7,7.00
1198,1574,2,2,686803157-2,11.30
1199,17281,1,4,996277471-3,8.78
1200,330459,1,6,110188325-1,13.93
1201,1059,2,3,649862807-3,4.24
1202,16520,1,7,045685795-8,14.61
1203,28577,1,1,819284388-2,4.12
1204,680,1,6,957903719-1,13.40
1205,1051,2,6,740849971-7,10.57
1206,293167,2,4,553370740-9,9.44
1207,497,1,2,302876230-7,11.67
1208,271110,2,1,624648889-7,7.45
1209,24748,1,5,259420567-2,14.32
1210,118872,1,5,792358862-7,6.19
1211,16869,1,1,184991226-2,6.68
1212,1051,1,4,441625591-8,13.08
1213,129,2,2,100752280-1,14.91
1214,19995,2,8,469426303-X,13.44
1215,687,1,6,051082569-9,6.42
1216,2897,1,4,274302754-1,14.58
1217,2567,2,4,223714204-1,4.93
1218,28145,1,2,309800887-3,7.25
1219,1422,2,7,346869248-X,5.52
1220,2062,2,1,996167466-9,4.31
1221,266856,2,4,236512096-2,11.77
1222,14,1,8,634167806-1,14.72
1223,11541,2,4,060859592-6,7.83
1224,38171,2,6,024538536-3,4.91
1225,80708,1,6,340698838-5,7.45
1226,1523,2,7,853984272-6,12.73
1227,152532,1,1,978743538-2,14.34
1228,705,2,3,541287546-7,6.49
1229,33680,2,7,513932332-X,4.32
1230,265177,2,5,241417574-5,5.73
1231,314365,1,4,058555722-5,8.79
1232,12501,2,4,602813780-4,8.28
1233,2623,1,5,825278920-X,9.12
1234,70,2,6,597658888-3,6.53
1235,713,1,1,904349657-X,13.14
1236,1574,2,8,721796617-5,13.70
1237,115,1,4,349315615-4,5.02
1238,329865,2,4,390766591-0,5.37
1239,45317,1,5,441389303-4,7.32
1240,42852,2,2,281284923-1,12.49
1241,15121,1,1,195503111-8,7.90
1242,10774,2,8,335327407-3,6.15
1243,346672,1,5,272983946-1,12.94
1244,44214,1,8,915830102-X,4.41
1245,28285,1,4,145537740-6,13.94
1246,152532,2,7,534434015-X,9.74
1247,808,2,8,886540939-8,6.94
1248,16153,2,1,930694533-7,9.87
1249,84295,1,4,811062025-6,11.80
1250,45317,2,4,907567089-3,6.90
1251,914,2,5,321343256-3,4.09
1252,34689,1,7,861131454-9,14.38
1253,18148,2,3,509202143-8,6.12
1254,705,1,5,973258637-0,13.19
1255,77338,1,6,127352468-3,11.64
1256,16085,2,2,476956218-7,8.36
1257,3090,2,4,839807578-3,7.50
1258,38171,2,8,519854571-6,13.79
1259,1976,2,7,521968493-0,4.83
1260,238,2,2,076979181-6,5.93
1261,11216,2,1,306584216-5,10.22
1262,47971,2,7,849736438-4,14.86
1263,11889,2,2,379715228-0,7.60
1264,122,2,6,080936460-3,8.12
1265,533,1,8,731537193-1,4.60
1266,56135,2,6,020324009-X,13.24
1267,433,2,4,693277238-8,6.86
1268,274870,1,2,627389692-5,4.08
1269,393457,1,2,992976268-X,13.07
1270,18148,2,6,578754926-0,11.79
1271,22881,2,3,168632893-1,4.17
1272,4176,1,5,887971452-X,10.09
1273,15764,1,3,721199182-8,7.16
1274,315837,2,1,970364526-7,6.89
1275,1891,1,2,766464252-3,12.61
1276,11293,1,8,006893867-5,7.81
1277,23383,2,7,257436360-4,5.48
1278,28145,1,6,627575196-7,4.24
1279,396,1,4,777045455-7,8.61
1280,28571,1,3,514373387-1,6.71
1281,293167,2,6,915194643-2,9.06
1282,23383,2,2,151064227-7,9.56
1283,101,2,2,360415764-1,6.70
1284,7345,2,8,233903411-6,8.93
1285,780,1,3,030778022-8,4.17
1286,68734,2,3,218634898-5,6.49
1287,408,2,6,541480819-8,6.69
1288,324786,1,4,667127972-1,7.30
1289,15497,1,8,029869254-6,11.19
1290,1725,1,8,987153799-9,8.75
1291,398,2,6,882547500-4,14.43
1292,155,2,6,810464804-7,4.40
1293,16520,2,3,458461965-4,7.57
1294,11881,1,3,656558920-8,6.97
1295,31121,2,7,226257334-4,6.85
1296,29146,2,4,706989539-9,10.59
1297,329865,2,8,636688870-1,11.78
1298,25673,1,2,481004383-5,10.36
1299,13528,2,7,027859131-0,5.75
1300,625,2,2,719513086-X,7.63
1301,329865,2,3,896062143-9,4.86
1302,10161,1,1,151898194-1,11.35
1303,947,1,7,651647964-X,5.20
1304,1162,2,4,403965247-9,14.39
1305,29592,2,1,686773884-2,8.95
1306,31662,2,8,732470433-6,5.58
1307,16561,1,7,382461587-8,10.50
1308,25188,1,6,767545371-9,6.42
1309,28577,2,1,872654088-6,7.55
1310,2757,1,7,269425487-X,6.71
1311,68718,2,6,253438806-1,6.47
1312,17917,1,4,499452424-6,8.96
1313,56135,1,5,429974156-0,5.98
1314,263115,2,6,262555165-8,10.33
1315,84214,1,3,271197324-7,7.70
1316,198663,2,2,689992680-6,11.16
1317,5503,1,8,157986185-7,7.08
1318,625,2,4,874268440-4,4.65
1319,72976,1,8,639918011-2,4.19
1320,783,2,6,809056670-7,10.37
1321,5544,1,8,445023305-0,4.75
1322,11426,2,4,739498369-2,14.00
1323,11426,2,7,840294852-9,6.01
1324,11462,1,3,123458113-2,9.69
1325,1890,1,4,077221339-9,14.89
1326,38714,2,2,468341814-2,8.81
1327,34689,2,6,338415686-2,13.85
1328,1125,1,1,469001768-9,11.77
1329,32085,1,6,311327941-0,12.29
1330,11426,2,7,493582672-X,7.27
1331,2757,1,8,856657732-9,10.03
1332,24748,2,3,852782475-2,9.51
1333,705,2,1,997101418-1,14.34
1334,40842,2,4,885363459-6,10.48
1335,32085,1,6,656511048-4,6.09
1336,805,1,5,718891802-3,5.74
1337,16619,1,5,269129471-4,6.91
1338,28580,1,4,822142788-8,8.25
1339,311,2,1,474744215-4,14.76
1340,1406,2,8,191465644-X,14.23
1341,209112,1,3,719532173-8,7.00
1342,313106,1,7,744997065-1,5.39
1343,629,1,2,400917519-2,4.26
1344,275,1,3,673042742-6,8.96
1345,14741,2,7,865237809-6,12.52
1346,131631,2,1,002585808-4,10.63
1347,37658,1,5,276330814-7,7.93
1348,37257,1,1,148141464-X,10.39
1349,22,2,6,671668537-5,10.51
1350,702,1,3,403318131-8,6.95
1351,33680,1,6,417737164-5,14.92
1352,220,2,4,222474175-8,12.21
1353,68718,2,7,804114238-9,13.52
1354,109445,1,8,143143755-7,10.56
1355,42390,1,2,328864614-5,7.55
1356,122,2,5,468705253-3,8.77
1357,11,2,1,398792435-7,14.34
1358,17529,2,2,708425169-3,13.84
1359,703,1,8,317951208-3,14.45
1360,16869,2,5,955291206-7,10.25
1361,15764,1,8,947328808-5,10.82
1362,11016,2,5,355138469-X,9.93
1363,43705,1,5,848592057-0,6.06
1364,38953,2,4,265647910-X,5.66
1365,38805,2,7,101330467-5,11.37
1366,73,1,6,177562125-1,10.89
1367,293167,2,8,267905840-2,14.15
1368,152532,1,5,524195602-6,4.37
1369,2039,2,5,292984804-9,12.17
1370,11113,1,8,787043066-8,13.16
1371,746,2,4,294394631-1,14.70
1372,42448,1,8,778614254-1,4.22
1373,713,1,7,556020956-2,11.89
1374,80616,1,7,700843319-0,6.17
1375,127380,1,8,634759217-7,13.92
1376,98,1,8,562452314-9,8.61
1377,10784,1,8,226033451-2,13.41
1378,55106,1,5,662815639-7,4.09
1379,33,2,2,167141424-1,11.35
1380,314365,1,1,172067250-4,6.60
1381,11050,1,3,078810088-2,13.06
1382,29592,2,5,282947792-8,11.43
1383,43103,1,8,150601295-7,7.11
1384,205596,2,2,933633597-9,10.94
1385,66027,2,3,733790789-3,5.38
1386,403,1,3,760354115-8,9.76
1387,462,1,3,236529942-3,8.56
1388,10604,2,3,187582391-3,12.19
1389,85350,2,5,951444287-3,5.51
1390,68440,1,8,903354149-1,4.72
1391,4566,1,5,485329311-6,7.41
1392,52362,2,2,826390834-5,12.19
1393,821,1,5,793093189-7,11.31
1394,408,1,6,608458206-0,11.74
1395,1900,1,1,390095494-1,6.56
1396,80708,1,4,189213433-0,14.09
1397,783,1,7,299773474-6,11.24
1398,596,2,1,103592163-4,5.70
1399,25430,2,6,492272387-0,11.34
1400,50014,1,1,443926099-3,4.00
1401,27854,2,1,974625258-5,10.92
1402,68440,2,8,951836472-9,4.56
1403,16561,1,5,814041768-8,14.86
1404,77338,2,6,411574744-7,11.91
1405,804,2,1,560416483-6,13.53
1406,11,2,4,487543601-7,6.45
1407,85507,1,5,538987154-5,6.18
1408,16520,2,7,422774451-2,6.75
1409,143,2,6,665051129-3,14.68
1410,128,1,4,086453346-2,11.89
1411,37658,1,4,570336794-8,7.05
1412,1578,1,6,094025471-9,6.69
1413,42861,2,5,450948100-4,8.00
1414,17661,2,5,149165139-3,6.99
1415,45269,2,8,062133631-9,11.73
1416,2769,2,2,685819620-X,10.81
1417,1985,1,4,817081418-9,4.05
1418,3090,1,5,070146595-6,11.54
1419,462,1,5,308403064-2,10.08
1420,42458,1,6,735033988-7,5.16
1421,150540,2,2,686637533-9,12.48
1422,110416,2,7,560271045-0,13.86
1423,329865,2,8,373231516-9,14.05
1424,891,2,8,192735718-7,11.79
1425,16869,1,6,114499669-4,4.17
1426,22881,2,8,405894101-4,14.65
1427,590,1,5,366004053-3,12.62
1428,11202,1,6,100824255-1,7.73
1429,47971,1,4,228888485-1,12.40
1430,992,1,7,759628786-7,11.84
1431,77338,2,7,998072352-1,11.26
1432,278,1,2,251761924-7,4.78
1433,25793,2,8,877236139-5,6.39
1434,7345,2,3,116234670-1,5.54
1435,226,2,3,083219034-9,8.00
1436,15919,1,3,378356297-X,10.02
1437,28571,2,3,962390707-9,7.53
1438,1640,1,7,200403130-1,7.60
1439,780,2,3,439678392-2,11.13
1440,16085,2,1,617356875-6,5.63
1441,117,2,4,532919471-7,4.79
1442,1574,2,4,054879167-8,5.24
1443,34689,2,2,710204637-5,8.52
1444,76203,1,5,785539871-6,4.75
1445,47908,1,4,512190629-3,6.08
1446,28577,2,2,994812678-5,13.97
1447,38772,2,5,426028791-5,11.43
1448,28978,1,7,862294685-1,4.97
1449,135397,2,6,225647798-3,7.46
1450,22,2,6,811161109-9,6.23
1451,85507,1,1,421509746-0,5.46
1452,3090,1,1,237852508-7,11.31
1453,122917,1,1,457891942-0,11.68
1454,9443,1,7,664008609-3,8.29
1455,424,2,4,205056332-9,4.70
1456,680,2,1,465957868-2,5.63
1457,28577,1,7,217698510-9,10.89
1458,10681,1,5,054881175-X,12.43
1459,11293,1,4,268463761-X,4.25
1460,376867,1,3,856149427-1,12.39
1461,65550,1,8,175065135-1,7.19
1462,11113,2,2,779906090-5,12.45
1463,2576,1,1,854727445-6,5.80
1464,992,1,6,185795426-2,10.27
1465,32499,2,4,224745959-5,7.73
1466,42852,2,4,531563006-4,14.23
1467,66027,2,6,625524213-7,13.66
1468,1810,2,4,418585434-X,11.18
1469,27205,2,1,548909605-5,13.12
1470,967,2,4,055037839-1,10.52
1471,11293,1,1,543223620-6,4.76
1472,38718,2,3,822343760-0,5.05
1473,42121,1,5,502984809-6,8.72
1474,330459,2,4,597366320-5,6.81
1475,423,1,4,645171454-2,14.44
1476,157336,2,5,448523510-6,12.92
1477,78734,1,5,971127444-2,14.43
1478,42390,1,1,893690016-1,5.93
1479,121856,1,5,709707918-5,5.26
1480,891,1,7,830295718-6,14.58
1481,1578,1,2,714461147-X,10.02
1482,2898,1,5,214794446-7,9.91
1483,297761,2,7,432744472-3,10.10
1484,2034,1,6,890291197-7,10.70
1485,40842,2,6,487578998-X,7.34
1486,14675,2,2,992800894-9,6.95
1487,2118,1,6,552225353-3,12.34
1488,274,1,7,964372581-2,8.96
1489,874,2,6,618930454-0,13.67
1490,28978,1,6,768105554-1,10.94
1491,62000,1,2,106811333-2,7.16
1492,82693,2,4,684814710-9,14.15
1493,590,2,2,745203506-2,7.18
1494,11873,2,8,500641643-2,14.93
1495,14160,1,4,887913130-3,12.17
1496,85507,2,8,580234496-2,14.34
1497,598,1,4,195428009-2,8.67
1498,346672,2,1,235616850-8,4.86
1499,118872,1,3,449918164-X,11.26
1500,85350,1,2,834039628-5,10.98
1501,8293,2,1,368212799-2,12.58
1502,83989,1,3,959833621-2,14.40
1503,606,1,3,849772585-9,10.24
1504,17281,1,5,898620115-1,8.96
1505,87827,1,5,737022071-0,4.40
1506,12509,2,4,649279019-7,4.55
1507,68718,2,1,411064986-2,12.91
1508,50014,1,1,691017641-3,13.82
1509,595,2,3,942162182-4,5.59
1510,25673,2,7,186554201-6,9.51
1511,295693,1,5,145355039-9,12.27
1512,42731,1,4,091769383-3,11.74
1513,246655,2,4,809149961-2,13.29
1514,313369,2,2,875315851-2,12.13
1515,305470,2,2,660617139-3,11.47
1516,283366,1,8,325114971-7,4.14
1517,4935,2,2,271313362-9,6.28
1518,11050,2,1,058648120-6,4.58
1519,783,2,5,263267548-0,14.19
1520,84274,2,4,591528076-5,14.89
1521,330459,2,5,289756882-8,8.61
1522,34106,2,6,660733125-4,14.81
1523,269149,1,7,526058551-8,10.90
1524,40885,1,2,439818941-6,11.05
1525,266856,2,2,050908541-5,13.40
1526,314365,2,7,820435344-8,8.55
1527,11694,2,3,776150467-9,9.22
1528,9390,2,1,404779424-4,14.61
1529,76341,1,7,600326657-0,7.77
1530,13681,2,2,490886886-7,11.18
1531,792,2,7,075967794-8,7.61
1532,44896,1,3,036416765-3,12.65
1533,2769,2,6,941584298-9,12.38
1534,14,1,8,191589895-1,14.07
1535,10161,2,6,452581619-8,7.92
1536,14710,2,7,722319219-4,7.00
1537,226,2,8,048245350-8,5.57
1538,2604,2,4,617002104-7,11.29
1539,73,1,8,341673229-4,6.86
1540,293660,2,7,964255674-X,11.99
1541,11050,1,2,387037016-5,9.77
1542,821,1,7,892113602-9,4.05
1543,238,1,7,289798750-2,6.72
1544,11873,1,2,671301304-X,14.22
1545,42731,1,2,765117640-5,14.04
1546,57834,2,4,267884044-1,7.31
1547,8055,1,7,090856467-8,12.21
1548,324786,2,6,677626183-0,4.30
1549,228150,2,3,739265542-6,5.28
1550,9277,2,2,123855065-7,4.91
1551,210577,1,8,477046282-4,10.20
1552,5052,1,6,023867856-3,8.72
1553,118872,1,7,844873149-2,13.81
1554,18254,2,5,107164661-3,10.87
1555,31777,2,2,466207186-0,11.74
1556,393729,1,8,967466135-2,5.56
1557,118872,1,8,291544631-8,9.55
1558,1810,2,7,241849761-5,12.96
1559,281957,2,3,963606235-8,5.35
1560,5038,2,7,547395134-1,12.40
1561,33,1,7,461135374-5,4.66
1562,3019,1,6,611979695-9,10.67
1563,967,2,3,371721665-1,13.25
1564,31052,2,7,815738894-5,6.74
1565,140607,2,3,004438139-5,6.68
1566,10784,2,5,196940736-0,7.97
1567,388399,1,3,736441419-3,4.84
1568,242582,1,5,936776273-9,11.93
1569,13681,1,1,774661838-3,12.09
1570,152532,2,7,144798521-4,9.15
1571,1976,1,3,407561621-5,12.67
1572,32085,2,4,826630972-8,13.41
1573,122917,2,8,751173261-5,11.32
1574,1165,2,3,660082888-9,13.39
1575,862,2,3,246059215-9,10.27
1576,42458,2,2,805571205-0,14.37
1577,599,2,7,713040206-7,13.62
1578,43266,2,3,917967055-5,13.71
1579,69605,1,6,396489470-2,14.40
1580,240,1,7,071985655-8,12.71
1581,211672,1,3,987467576-4,12.70
1582,110416,2,1,146918370-6,9.22
1583,3019,1,8,299042119-X,7.88
1584,12493,2,7,221014965-7,14.21
1585,109445,1,3,352930608-8,5.56
1586,2118,1,2,847054737-2,6.89
1587,995,2,4,889788212-9,13.75
1588,45269,2,2,718021653-4,14.60
1589,11202,1,1,852440310-1,9.60
1590,598,1,1,881743429-9,6.98
1591,16561,1,8,791150065-7,13.65
1592,9806,2,3,988317969-3,12.84
1593,1422,1,6,317952667-X,6.34
1594,11889,1,2,338356851-2,13.57
1595,80708,1,7,581218036-9,6.26
1596,10774,2,1,676094410-0,10.62
1597,38718,1,1,708253756-5,13.89
1598,127380,1,3,250363912-7,13.02
1599,705,1,2,991096724-3,7.43
1600,15121,2,7,109918563-7,8.39
1601,265177,1,7,549647092-7,4.27
1602,18148,2,1,941286549-X,6.38
1603,205596,1,4,648810675-9,10.10
1604,55106,1,3,071953780-0,8.69
1605,598,2,8,291327190-1,11.50
1606,27367,2,8,360600269-6,9.00
1607,5769,1,7,204870885-4,8.46
1608,288,2,6,636579473-8,13.79
1609,623,1,4,272847469-9,5.91
1610,38805,1,5,578840404-5,4.67
1611,296098,2,5,735318844-8,7.37
1612,2623,1,2,939528059-X,12.07
1613,419430,2,4,665153321-5,5.67
1614,246655,2,7,328978306-5,4.76
1615,862,1,1,540947254-3,10.40
1616,1888,1,1,229440329-0,10.94
1617,346,1,8,995827675-5,13.84
1618,947,2,4,702231920-0,13.58
1619,11816,2,8,217955358-7,5.51
1620,68440,2,3,903842523-6,11.75
1621,245891,2,4,321670404-1,6.50
1622,3558,1,4,122514371-3,11.97
1623,9390,2,6,855482212-9,9.88
1624,87101,2,7,202834973-5,4.89
1625,34689,1,2,598078688-0,10.09
1626,325553,2,2,947185497-0,7.80
1627,5143,1,8,185220709-4,7.99
1628,623,1,7,468757039-9,7.04
1629,177572,1,7,715506025-9,4.04
1630,2567,1,5,141422676-4,6.58
1631,1712,2,3,388160224-0,10.05
1632,1725,1,6,331073809-4,14.41
1633,632,1,3,292462611-0,7.70
1634,31052,1,1,019181851-8,7.96
1635,2576,1,8,332534212-4,4.14
1636,269149,2,1,964104971-2,11.48
1637,381284,2,2,924721597-8,12.53
1638,77744,1,7,074046354-3,4.81
1639,632,1,4,981178802-2,8.30
1640,18148,1,4,742788864-2,14.16
1641,28580,2,3,391387618-9,13.48
1642,56135,2,4,341641696-1,11.63
1643,596,2,4,125672307-X,4.94
1644,43466,1,8,626368098-9,14.45
1645,10322,2,2,665773924-9,11.33
1646,1406,1,7,569615769-6,11.45
1647,13,2,6,437769699-8,8.45
1648,497,1,4,659899188-9,11.46
1649,43122,2,7,754243861-1,12.01
1650,393457,1,5,242951337-4,6.43
1651,11881,1,4,452394811-9,9.08
1652,32499,1,7,055604275-1,8.88
1653,995,2,4,432108873-9,12.35
1654,80708,1,7,526378884-3,9.73
1655,11050,2,1,961445594-2,4.54
1656,197,2,5,334799857-X,14.01
1657,269149,2,6,732202167-3,10.55
1658,857,1,8,083253201-0,12.59
1659,1985,2,1,287948032-9,11.74
1660,12311,1,2,477209601-9,8.03
1661,637,1,1,497638744-5,12.53
1662,311,1,5,645764785-5,7.10
1663,5503,2,5,898415695-7,9.71
1664,313106,1,3,273444989-7,5.01
1665,226,1,2,835268287-3,13.30
1666,25793,2,8,272404888-1,10.81
1667,804,2,3,888038104-0,6.68
1668,22,1,6,170433749-6,12.69
1669,408,2,8,817001769-6,11.01
1670,45269,2,7,265654321-5,8.94
1671,10774,1,5,233035881-4,9.00
1672,40885,1,2,587278303-5,12.64
1673,10673,2,7,600208347-2,11.25
1674,41206,1,1,084905398-6,7.00
1675,131631,2,3,794751497-6,13.70
1676,42390,1,5,615218901-2,5.79
1677,967,2,1,639266096-8,13.42
1678,11816,1,4,569917347-1,12.09
1679,84299,2,5,649048376-9,11.58
1680,29146,1,1,255756124-X,4.88
1681,122,2,3,815499593-X,11.85
1682,42121,1,1,329637667-4,14.74
1683,33632,2,1,400045068-9,13.33
1684,265177,1,3,980549373-3,14.48
1685,305470,2,4,176639781-6,9.80
1686,680,1,7,555049482-5,6.51
1687,14,2,3,667642505-X,7.06
1688,874,2,8,957895798-X,11.70
1689,226,2,3,658114090-2,8.09
1690,15121,2,5,931357157-9,9.45
1691,45317,1,4,928324406-0,6.76
1692,284052,1,5,339082836-2,13.61
1693,488,2,8,390570362-9,7.11
1694,429,2,3,103898749-0,6.24
1695,11462,2,7,082148859-7,7.28
1696,25793,1,6,020004452-4,5.43
1697,3078,1,7,463776168-9,6.41
1698,37853,1,8,264035029-3,10.64
1699,223,1,1,267412316-8,5.60
1700,475,1,2,439402543-5,6.99
1701,488,1,1,793274743-0,4.79
1702,33632,2,8,853481546-1,8.82
1703,3558,1,2,596439724-7,11.81
1704,388399,2,2,018789033-1,8.79
1705,70,1,3,195967465-X,14.68
1706,433,2,5,680752528-1,6.35
1707,283366,2,7,032843827-8,12.10
1708,9390,2,5,655850152-X,14.90
1709,429,2,6,699506171-3,10.80
1710,369885,2,6,299996267-3,9.59
1711,288,1,5,201063240-0,7.99
1712,16442,1,4,777564144-4,10.25
1713,2757,1,3,825659691-0,10.71
1714,101,2,2,601355506-0,7.82
1715,2623,2,2,520269877-1,8.95
1716,31662,2,3,945695462-5,11.52
1717,24748,1,5,855801132-X,14.28
1718,1934,1,1,609780365-6,8.84
1719,177572,1,1,894974908-4,8.23
1720,220,1,2,497174929-2,8.33
1721,31052,1,5,721955226-2,6.58
1722,522,2,4,917393796-7,13.76
1723,18254,1,3,730500836-2,8.87
1724,9836,2,6,450553998-9,11.88
1725,14537,2,7,277568101-8,4.15
1726,5052,1,7,405136335-X,8.91
1727,228150,2,3,443940939-3,14.59
1728,82693,2,7,702421367-1,7.98
1729,296098,1,4,902024851-0,9.68
1730,1890,2,7,463254067-6,10.93
1731,24134,1,7,177767409-3,14.20
1732,12501,1,5,401707895-8,8.96
1733,17281,1,6,094048528-1,11.23
1734,55347,1,3,732624737-4,14.98
1735,31121,1,5,835942223-0,5.85
1736,70,1,4,368652132-6,10.01
1737,393729,2,1,481789278-1,8.69
1738,887,2,3,209904867-3,14.25
1739,43466,1,8,136481280-0,4.11
1740,18148,2,2,410639931-8,7.46
1741,322,1,4,989995224-9,11.47
1742,14328,2,5,054588580-9,5.74
1743,118340,2,1,854962729-1,14.53
1744,1365,2,3,611466178-8,14.18
1745,15206,1,8,496725735-6,10.49
1746,41206,1,1,313637757-5,12.58
1747,210577,2,3,222911575-8,7.61
1748,313106,1,8,902608215-0,5.75
1749,43136,2,8,658532378-5,5.06
1750,539,1,1,683684924-3,5.69
1751,324786,2,5,474075369-3,12.65
1752,11113,2,3,346034899-2,11.83
1753,16561,1,7,903925389-7,9.87
1754,37222,1,8,878399620-6,9.93
1755,15919,2,2,741907080-6,4.33
1756,857,1,3,866854724-0,9.92
1757,104214,2,3,252719027-8,9.33
1758,5038,1,6,451595109-2,14.54
1759,36652,1,8,840254589-0,4.97
1760,31121,1,3,182829248-6,9.07
1761,52679,2,4,654590343-8,12.45
1762,149871,1,1,949058580-7,9.04
1763,770,1,8,944850987-1,9.85
1764,3082,1,3,589481795-1,14.47
1765,82474,1,4,059794412-1,12.45
1766,109445,2,4,745227023-1,12.88
1767,15927,1,6,726127753-3,12.46
1768,305470,1,1,143730027-8,9.04
1769,289,2,2,473335508-4,11.91
1770,44896,1,4,026774163-4,8.24
1771,110416,2,7,327803045-1,6.97
1772,69605,1,2,142005553-4,14.39
1773,6977,1,7,696492234-2,12.45
1774,17641,2,1,665761880-8,8.05
1775,9390,1,5,328735882-0,13.51
1776,19995,1,2,157726722-2,8.59
1777,11,2,1,276821299-7,10.29
1778,10681,1,4,874064335-2,12.62
1779,2062,1,5,299860307-6,10.81
1780,596,1,4,295725887-0,5.81
1781,504,2,3,688133626-8,12.39
1782,3109,2,6,537456802-7,14.93
1783,19542,1,6,449678308-8,10.52
1784,9475,2,8,983482969-8,10.12
1785,28285,2,7,645653195-0,6.46
1786,15764,2,4,015736411-9,14.89
1787,12,2,2,571822355-6,12.56
1788,388399,1,7,011739847-0,12.32
1789,284,2,1,096797766-5,13.73
1790,76203,2,5,438988674-6,12.19
1791,504,2,6,506633034-8,4.95
1792,2118,2,8,722544292-9,4.92
1793,38805,1,8,174082953-0,7.95
1794,24134,1,5,313165875-4,9.00
1795,11202,2,6,913707006-1,12.67
1796,210577,1,7,904686750-1,5.63
1797,28289,1,7,230973252-4,6.57
1798,10139,2,5,147284387-8,5.53
1799,31662,1,3,204666040-4,5.59
1800,2039,2,6,297877280-8,6.42
1801,28577,1,3,657717796-1,6.90
1802,43103,2,5,828386660-5,6.80
1803,11050,1,1,051195720-3,4.52
1804,10322,1,8,267495325-X,8.78
1805,313369,1,7,028909189-6,11.78
1806,11202,2,6,078418607-3,9.59
1807,45269,1,1,739090372-4,8.87
1808,38714,2,1,900240709-2,9.48
1809,992,1,3,065643141-5,11.72
1810,122917,1,8,656204683-1,14.84
1811,1125,2,4,718782074-7,11.01
1812,451,1,7,741370063-8,10.61
1813,703,2,4,952862632-7,12.48
1814,388399,2,7,448758168-0,14.46
1815,42390,1,5,354779525-7,11.03
1816,2118,1,5,848907704-5,6.91
1817,393457,1,4,250959065-0,10.35
1818,13665,1,5,959198765-X,9.14
1819,28580,1,3,933460371-2,11.83
1820,1578,2,3,800410840-7,13.81
1821,27854,2,4,426899320-7,5.57
1822,279,1,4,185835496-X,8.26
1823,11462,2,4,258146362-7,10.77
1824,804,1,6,112847828-5,7.84
1825,43705,1,7,595971298-9,9.79
1826,409,1,4,093019235-4,7.73
1827,9806,2,3,663784588-4,5.60
1828,887,2,3,023300283-9,6.65
1829,3558,1,1,059981360-1,4.82
1830,346672,1,1,535462241-7,9.58
1831,47971,2,1,241695555-1,5.54
1832,12311,2,2,230623510-4,6.83
1833,33364,2,2,000926058-7,11.02
1834,2769,2,4,696277654-3,10.22
1835,68734,1,8,217654731-4,14.08
1836,322,1,1,980644056-0,6.45
1837,31777,1,2,534371549-4,6.31
1838,874,2,5,268135963-5,8.12
1839,293167,1,7,282730918-1,8.97
1840,581,2,4,170774791-1,12.52
1841,398,1,2,275207417-4,13.39
1842,157336,2,4,976407663-7,11.94
1843,71688,2,1,679843651-X,5.67
1844,25430,1,1,233049600-1,8.67
1845,50014,1,7,471992932-X,12.51
1846,862,2,1,257491660-3,11.98
1847,16520,1,2,178667090-9,6.17
1848,15206,1,6,511534322-3,12.57
1849,891,2,1,002488088-4,12.09
1850,805,2,6,000091792-3,10.59
1851,40885,2,5,148329866-3,7.32
1852,22013,2,4,009681269-9,14.21
1853,284052,2,1,802440756-6,13.82
1854,115,2,5,628467595-X,7.23
1855,121856,2,5,520918885-X,7.03
1856,85350,1,3,512690520-1,6.22
1857,50600,2,1,877034748-4,13.93
1858,244786,2,4,057493917-2,6.50
1859,10193,1,5,764876739-2,9.89
1860,17281,1,4,987264452-7,9.83
1861,489,2,6,313415225-8,8.43
1862,16619,1,5,183710994-X,8.68
1863,93313,2,6,331343602-1,10.41
1864,210577,2,3,102266013-6,8.32
1865,769,1,6,749555052-X,5.29
1866,623,2,8,720729602-9,14.02
1867,356305,1,4,948913559-3,14.00
1868,398,1,7,304764140-4,13.32
1869,22,1,1,166021501-3,7.41
1870,409,2,4,335485928-8,7.48
1871,380,1,7,565777507-4,6.14
1872,42222,1,7,357469174-2,6.54
1873,31662,2,7,233726972-8,7.13
1874,3558,2,3,563876571-9,4.57
1875,155,1,6,111074647-4,5.78
1876,82693,1,6,971957876-9,8.25
1877,42731,1,2,368273006-0,13.59
1878,1677,2,6,937049179-1,10.26
1879,12102,2,8,935729844-4,9.50
1880,12162,2,7,961970563-7,4.95
1881,264644,1,5,765847013-9,6.71
1882,194662,1,6,701816841-4,9.05
1883,5052,1,2,690810527-X,10.87
1884,1888,2,4,579531448-X,6.25
1885,10604,1,1,337707718-9,10.63
1886,40885,1,3,182253347-3,9.89
1887,118889,2,5,596638291-3,10.19
1888,43277,2,3,637492359-6,4.19
1889,14741,1,3,439855652-4,5.22
1890,1888,1,2,132933976-2,10.11
1891,24748,1,7,677752029-5,9.70
1892,288,2,8,441063842-4,12.25
1893,914,2,6,916756816-5,13.46
1894,857,2,4,206698060-9,8.67
1895,275,2,4,593330852-8,12.52
1896,826,1,5,264047419-7,6.69
1897,8293,1,2,482139519-3,12.90
1898,177572,2,1,871699285-7,11.14
1899,78734,2,5,773037694-6,6.50
1900,596,1,6,386303115-6,7.50
1901,82474,2,5,297909263-0,5.13
1902,122917,1,1,754942790-9,7.37
1903,41206,2,5,815642790-4,10.72
1904,713,1,2,881874520-4,9.34
1905,52362,1,2,811394854-6,8.92
1906,2897,1,1,411484189-X,12.80
1907,85350,2,8,106800852-0,10.42
1908,2062,2,5,710922034-6,6.91
1909,8055,2,7,328395046-6,9.50
1910,284293,2,2,613675828-8,14.53
1911,380,2,4,516044688-5,6.59
1912,808,1,2,157235979-X,14.18
1913,37853,2,8,387939003-7,8.69
1914,31052,2,5,781212195-X,6.89
1915,12405,1,5,131747833-9,10.70
1916,135397,2,5,032733818-0,8.51
1917,606,1,4,617672155-5,8.97
1918,278,1,2,546965401-X,6.02
1919,278,2,4,024549513-4,9.07
1920,293167,2,4,186148545-X,5.00
1921,903,2,3,827208002-8,14.23
1922,567,1,3,522617598-1,12.28
1923,10322,1,4,535441221-8,13.84
1924,17529,1,6,403891022-9,7.84
1925,804,2,1,773713866-8,9.78
1926,17917,1,6,223508838-4,6.10
1927,28285,2,1,473609889-9,9.83
1928,77744,1,3,645449819-0,10.58
1929,805,2,3,054765563-0,9.76
1930,389,1,7,643765406-6,13.76
1931,284052,2,5,078167886-2,4.34
1932,84299,2,1,442535139-8,14.59
1933,28580,1,2,471281858-1,5.06
1934,804,1,2,641320899-6,5.07
1935,210577,2,4,080808380-5,12.80
1936,19542,1,8,260432979-4,9.19
1937,7345,2,7,055219178-7,7.92
1938,8293,1,2,294874219-6,4.94
1939,197,1,7,181999818-5,7.68
1940,281957,2,6,732498550-5,11.42
1941,10774,2,1,278682758-2,7.83
1942,9277,1,8,096003097-2,13.43
1943,12501,1,1,677053483-5,12.07
1944,5052,1,8,920616971-8,4.16
1945,288,1,7,276561440-7,4.89
1946,13681,2,8,732238750-3,4.64
1947,28285,1,7,967093700-0,10.93
1948,17661,2,7,472371759-5,8.77
1949,284293,2,3,734155027-9,12.83
1950,1725,2,2,299292833-X,9.98
1951,82474,1,3,437576431-7,4.53
1952,157336,1,5,509726706-0,13.47
1953,41206,2,8,073095740-3,8.05
1954,3082,1,7,185888298-2,5.89
1955,22,1,7,855983604-7,10.60
1956,42121,1,7,310683425-0,9.71
1957,22,2,3,630792346-6,7.08
1958,223,2,5,549173992-8,13.58
1959,1890,1,5,723100968-9,10.50
1960,14741,1,4,468626831-1,5.32
1961,135397,1,5,277169238-4,7.35
1962,2567,1,7,214284269-0,11.13
1963,1125,2,1,587906857-9,11.81
1964,27854,2,4,842555309-1,14.71
1965,275,2,3,407892691-6,12.75
1966,279,2,8,373877235-9,12.39
1967,3082,1,4,563615894-7,6.51
1968,27367,1,1,428276971-8,11.24
1969,56135,1,4,966278018-1,10.31
1970,7345,2,6,415602917-4,14.46
1971,29146,1,5,054838257-3,13.73
1972,2438,2,7,413699662-4,7.15
1973,47908,1,5,507736566-0,9.52
1974,16869,1,5,552873785-0,10.28
1975,45578,1,6,821306731-2,14.61
1976,72976,2,7,359346147-1,14.24
1977,5544,1,1,887973162-9,8.54
1978,289,2,3,194247954-9,8.37
1979,389,2,4,700094215-0,11.46
1980,47971,2,8,291268188-X,7.63
1981,599,2,4,515645891-2,14.35
1982,295693,1,3,600386144-4,8.98
1983,311,1,2,197326793-4,5.15
1984,11703,1,3,593386855-8,6.54
1985,376867,2,5,998522456-6,5.00
1986,462,1,1,290089549-9,12.44
1987,293167,2,5,986179280-5,8.65
1988,36652,2,2,452463145-3,8.91
1989,792,2,5,545718507-9,14.91
1990,54568,1,1,865678123-5,4.21
1991,992,2,4,847275548-7,8.64
1992,85350,1,5,452289878-9,8.22
1993,1900,2,6,709589450-7,11.42
1994,76203,2,3,840847020-5,8.10
1995,56164,1,6,895566429-X,8.48
1996,82474,1,7,783865452-1,9.27
1997,33667,1,4,580520917-9,11.71
1998,38171,2,6,464603922-2,13.97
1999,23724,2,2,252876637-8,9.45
2000,28978,2,8,740291308-2,14.21
